movimiento_skey,fecha_cierre_skey,cliente_skey,producto_skey,sucursal_skey,tipo_transaccion,monto,saldo_posterior,moneda,canal
1,36,67,2,8,REVERSO,1018,8735,QUE,CAJERO
2,51,234,3,3,PAGO INTERES,6454,4882,QUE,ONLINE
3,24,218,1,3,REVERSO,1719,878,QUE,AGENTE
4,18,486,2,8,PAGO INTERES,786,5180,QUE,APP
5,45,236,1,1,DESEMBOLSO,2221,1966,QUE,ONLINE
6,88,449,2,9,REVERSO,3298,6911,QUE,CAJERO
7,100,387,1,7,DESEMBOLSO,4645,3995,QUE,VENTANILLA
8,32,462,2,8,CARGO COMISION,5839,2426,QUE,AGENTE
9,8,471,2,5,CARGO COMISION,1539,7996,QUE,AGENTE
10,81,290,2,8,PAGO INTERES,930,4630,QUE,AGENTE
11,2,445,1,6,PAGO INTERES,880,5245,QUE,APP
12,19,433,3,3,REVERSO,9194,2443,QUE,ONLINE
13,13,222,1,1,PAGO INTERES,7123,5940,QUE,AGENTE
14,100,220,1,6,DESEMBOLSO,9455,4626,QUE,VENTANILLA
15,4,38,2,10,CARGO COMISION,8162,4288,QUE,ONLINE
16,96,441,3,4,ABONO,3382,2743,QUE,CAJERO
17,58,190,1,6,ABONO,4978,754,QUE,VENTANILLA
18,80,76,3,7,CARGO COMISION,4295,6777,QUE,VENTANILLA
19,97,77,1,10,DESEMBOLSO,7092,4921,QUE,ONLINE
20,85,286,3,10,CARGO COMISION,5703,2140,QUE,APP
21,2,491,3,6,REVERSO,9667,7630,QUE,AGENTE
22,49,155,1,3,ABONO,4343,5623,QUE,CAJERO
23,5,360,3,5,PAGO INTERES,6017,3310,QUE,APP
24,93,289,3,10,REVERSO,4549,5480,QUE,CAJERO
25,30,300,2,6,REVERSO,9510,3978,QUE,CAJERO
26,12,290,2,7,ABONO,2935,9126,QUE,APP
27,5,92,2,3,REVERSO,8032,2315,QUE,AGENTE
28,100,150,2,4,ABONO,5292,7207,QUE,VENTANILLA
29,17,397,1,6,REVERSO,8140,9629,QUE,AGENTE
30,85,257,3,5,DESEMBOLSO,9587,7314,QUE,CAJERO
31,32,278,1,10,CARGO COMISION,3171,2245,QUE,APP
32,85,302,3,2,PAGO INTERES,7809,5724,QUE,VENTANILLA
33,40,228,2,7,ABONO,8883,3598,QUE,ONLINE
34,76,176,3,1,ABONO,4354,4641,QUE,CAJERO
35,81,252,3,7,DESEMBOLSO,1048,2067,QUE,APP
36,79,404,1,4,DESEMBOLSO,6917,2789,QUE,AGENTE
37,81,75,2,5,PAGO INTERES,4142,8616,QUE,CAJERO
38,51,257,1,10,CARGO COMISION,9804,9908,QUE,AGENTE
39,66,469,1,1,REVERSO,5937,5038,QUE,VENTANILLA
40,94,47,3,7,DESEMBOLSO,3175,9749,QUE,AGENTE
41,13,358,2,6,REVERSO,8646,5811,QUE,ONLINE
42,62,398,3,1,CARGO COMISION,1329,4855,QUE,AGENTE
43,64,461,1,9,DESEMBOLSO,6641,9881,QUE,CAJERO
44,49,82,2,7,ABONO,9365,9876,QUE,APP
45,60,192,3,7,CARGO COMISION,3598,3066,QUE,VENTANILLA
46,19,189,3,9,REVERSO,4126,7500,QUE,ONLINE
47,55,17,2,1,DESEMBOLSO,3833,8413,QUE,APP
48,77,68,2,2,DESEMBOLSO,428,7411,QUE,APP
49,6,190,1,3,PAGO INTERES,4717,6616,QUE,CAJERO
50,66,405,1,9,CARGO COMISION,3906,9759,QUE,ONLINE
51,97,236,3,5,CARGO COMISION,9764,2590,QUE,APP
52,84,249,1,1,PAGO INTERES,1386,1223,QUE,AGENTE
53,78,422,3,2,DESEMBOLSO,4634,4883,QUE,AGENTE
54,14,40,3,9,PAGO INTERES,350,7351,QUE,ONLINE
55,10,500,1,4,DESEMBOLSO,9069,2524,QUE,CAJERO
56,84,121,1,1,REVERSO,4603,5576,QUE,APP
57,10,180,3,9,ABONO,8584,8524,QUE,CAJERO
58,93,96,2,2,REVERSO,8004,2173,QUE,CAJERO
59,37,115,3,8,REVERSO,3162,3137,QUE,AGENTE
60,75,287,2,5,ABONO,6488,8532,QUE,ONLINE
61,12,187,1,4,ABONO,2193,3903,QUE,APP
62,62,96,1,7,REVERSO,5319,6134,QUE,VENTANILLA
63,73,298,3,7,PAGO INTERES,1597,6487,QUE,CAJERO
64,71,180,2,2,CARGO COMISION,920,6074,QUE,VENTANILLA
65,31,384,2,3,CARGO COMISION,4690,2741,QUE,APP
66,75,371,2,5,ABONO,9069,847,QUE,APP
67,50,472,1,2,DESEMBOLSO,292,8318,QUE,CAJERO
68,76,399,1,9,DESEMBOLSO,1890,8034,QUE,APP
69,4,62,3,5,PAGO INTERES,9856,282,QUE,ONLINE
70,49,25,2,1,DESEMBOLSO,3236,6539,QUE,APP
71,52,9,1,10,DESEMBOLSO,4226,2943,QUE,AGENTE
72,62,229,3,7,REVERSO,3799,8987,QUE,AGENTE
73,3,49,3,10,ABONO,794,9651,QUE,VENTANILLA
74,17,463,2,3,DESEMBOLSO,5856,8327,QUE,VENTANILLA
75,9,383,2,5,REVERSO,3186,5567,QUE,AGENTE
76,93,60,1,4,PAGO INTERES,935,8880,QUE,APP
77,76,495,3,1,ABONO,3468,8143,QUE,ONLINE
78,8,448,3,1,DESEMBOLSO,9126,5900,QUE,CAJERO
79,55,48,2,6,REVERSO,8699,7272,QUE,VENTANILLA
80,65,133,1,3,CARGO COMISION,9153,4086,QUE,APP
81,17,323,1,1,ABONO,8744,7147,QUE,AGENTE
82,100,205,2,1,DESEMBOLSO,3949,9934,QUE,AGENTE
83,60,332,1,1,DESEMBOLSO,9192,6098,QUE,VENTANILLA
84,23,124,1,2,ABONO,3389,4212,QUE,CAJERO
85,35,50,1,6,ABONO,6555,1393,QUE,ONLINE
86,32,431,3,1,REVERSO,3207,5970,QUE,CAJERO
87,9,500,3,10,REVERSO,2060,3277,QUE,ONLINE
88,5,403,2,3,CARGO COMISION,9731,7389,QUE,VENTANILLA
89,73,496,1,3,DESEMBOLSO,7188,6490,QUE,VENTANILLA
90,98,410,1,9,DESEMBOLSO,2566,7588,QUE,VENTANILLA
91,12,285,2,9,REVERSO,1912,1887,QUE,CAJERO
92,78,294,1,6,ABONO,1174,7979,QUE,VENTANILLA
93,18,470,3,4,PAGO INTERES,8720,4793,QUE,ONLINE
94,36,52,2,9,DESEMBOLSO,776,9065,QUE,VENTANILLA
95,21,42,2,8,ABONO,5699,1861,QUE,AGENTE
96,72,306,2,3,CARGO COMISION,5055,8074,QUE,APP
97,8,363,1,1,REVERSO,9197,5294,QUE,AGENTE
98,77,498,2,7,CARGO COMISION,9302,7884,QUE,CAJERO
99,51,438,1,6,PAGO INTERES,1993,1272,QUE,ONLINE
100,19,47,3,3,PAGO INTERES,8504,961,QUE,AGENTE
101,6,349,2,8,REVERSO,7440,7178,QUE,APP
102,5,356,2,5,REVERSO,7528,3077,QUE,ONLINE
103,5,150,2,3,PAGO INTERES,3670,2858,QUE,VENTANILLA
104,81,355,1,10,DESEMBOLSO,2883,3611,QUE,ONLINE
105,30,217,2,6,REVERSO,9646,4850,QUE,VENTANILLA
106,80,430,2,10,PAGO INTERES,9265,7705,QUE,APP
107,87,259,1,2,DESEMBOLSO,5013,760,QUE,AGENTE
108,24,126,3,6,PAGO INTERES,4572,8998,QUE,CAJERO
109,95,430,3,6,CARGO COMISION,1789,3507,QUE,VENTANILLA
110,76,419,1,10,REVERSO,7125,3195,QUE,ONLINE
111,26,232,1,6,REVERSO,9269,9075,QUE,ONLINE
112,54,390,2,7,PAGO INTERES,6906,4529,QUE,CAJERO
113,14,40,3,5,ABONO,7371,4200,QUE,APP
114,84,465,3,3,DESEMBOLSO,3195,2364,QUE,VENTANILLA
115,10,277,2,10,REVERSO,9079,9360,QUE,ONLINE
116,51,490,3,5,CARGO COMISION,7821,1688,QUE,VENTANILLA
117,38,111,2,4,REVERSO,1855,4085,QUE,ONLINE
118,34,40,3,2,ABONO,5603,3030,QUE,APP
119,19,234,2,6,PAGO INTERES,8414,6882,QUE,CAJERO
120,25,373,2,8,REVERSO,4758,662,QUE,ONLINE
121,5,393,3,1,CARGO COMISION,2973,4483,QUE,AGENTE
122,34,463,1,2,ABONO,1909,6501,QUE,APP
123,32,310,2,3,PAGO INTERES,909,7020,QUE,ONLINE
124,8,426,1,7,REVERSO,718,7723,QUE,VENTANILLA
125,53,17,3,8,PAGO INTERES,9748,9052,QUE,APP
126,46,493,2,10,CARGO COMISION,4507,560,QUE,APP
127,24,106,1,1,ABONO,3796,4218,QUE,ONLINE
128,98,107,3,9,CARGO COMISION,636,6144,QUE,VENTANILLA
129,89,90,3,4,PAGO INTERES,6896,2393,QUE,ONLINE
130,88,138,3,4,REVERSO,1873,4157,QUE,VENTANILLA
131,88,442,1,5,PAGO INTERES,5187,192,QUE,ONLINE
132,67,479,1,10,CARGO COMISION,8383,7873,QUE,VENTANILLA
133,75,170,2,7,DESEMBOLSO,5947,3214,QUE,AGENTE
134,87,419,3,2,ABONO,256,2331,QUE,VENTANILLA
135,81,8,2,4,CARGO COMISION,7835,3775,QUE,CAJERO
136,7,183,1,9,ABONO,3866,4656,QUE,ONLINE
137,96,364,1,6,PAGO INTERES,6118,9113,QUE,APP
138,52,428,2,7,PAGO INTERES,3298,8048,QUE,APP
139,13,81,1,4,REVERSO,8691,606,QUE,CAJERO
140,19,362,3,2,DESEMBOLSO,2676,8643,QUE,CAJERO
141,88,3,1,1,ABONO,3432,1798,QUE,ONLINE
142,2,3,2,4,CARGO COMISION,8032,9495,QUE,APP
143,78,83,2,3,ABONO,5094,3132,QUE,VENTANILLA
144,78,300,1,10,PAGO INTERES,6681,4678,QUE,CAJERO
145,4,285,3,1,PAGO INTERES,4242,1559,QUE,APP
146,10,91,2,2,PAGO INTERES,3762,432,QUE,AGENTE
147,92,10,2,7,REVERSO,8966,7684,QUE,AGENTE
148,98,332,2,3,DESEMBOLSO,7749,2324,QUE,CAJERO
149,40,329,3,2,DESEMBOLSO,9108,5467,QUE,AGENTE
150,50,386,2,5,REVERSO,7908,2823,QUE,CAJERO
151,53,264,2,6,ABONO,3056,4571,QUE,AGENTE
152,9,10,1,8,DESEMBOLSO,2400,9644,QUE,APP
153,57,80,2,1,REVERSO,6220,4658,QUE,AGENTE
154,79,161,1,4,CARGO COMISION,8424,5240,QUE,ONLINE
155,12,379,1,2,CARGO COMISION,9753,1695,QUE,APP
156,20,456,2,9,REVERSO,5527,7065,QUE,VENTANILLA
157,38,314,3,10,CARGO COMISION,614,1307,QUE,VENTANILLA
158,79,423,2,8,CARGO COMISION,5606,6552,QUE,CAJERO
159,73,246,1,6,DESEMBOLSO,9496,2583,QUE,VENTANILLA
160,49,109,3,7,DESEMBOLSO,3546,1661,QUE,CAJERO
161,100,143,3,2,CARGO COMISION,1536,7557,QUE,ONLINE
162,86,191,3,2,REVERSO,8406,2523,QUE,ONLINE
163,58,323,3,3,DESEMBOLSO,1661,9514,QUE,CAJERO
164,86,12,2,10,REVERSO,8187,7026,QUE,AGENTE
165,11,133,2,9,PAGO INTERES,5230,1961,QUE,VENTANILLA
166,2,457,1,2,CARGO COMISION,6075,5286,QUE,CAJERO
167,41,370,1,1,CARGO COMISION,9448,8362,QUE,ONLINE
168,50,304,3,6,CARGO COMISION,7845,9961,QUE,VENTANILLA
169,84,429,3,2,CARGO COMISION,3381,6076,QUE,AGENTE
170,4,415,2,7,CARGO COMISION,8025,3435,QUE,CAJERO
171,86,44,3,6,CARGO COMISION,4346,3353,QUE,VENTANILLA
172,98,21,2,5,PAGO INTERES,7034,3960,QUE,APP
173,42,307,1,8,DESEMBOLSO,6785,5604,QUE,CAJERO
174,31,299,1,6,CARGO COMISION,2442,1019,QUE,CAJERO
175,51,71,3,1,REVERSO,6493,4584,QUE,CAJERO
176,32,213,3,10,CARGO COMISION,4152,8709,QUE,VENTANILLA
177,10,39,2,7,ABONO,7666,8029,QUE,VENTANILLA
178,85,33,2,4,CARGO COMISION,8548,6250,QUE,APP
179,83,125,3,1,REVERSO,9329,8359,QUE,AGENTE
180,30,379,3,1,DESEMBOLSO,3341,126,QUE,VENTANILLA
181,43,192,3,10,ABONO,3858,3884,QUE,APP
182,8,158,2,10,CARGO COMISION,6087,4934,QUE,CAJERO
183,66,283,2,7,CARGO COMISION,8068,6468,QUE,APP
184,17,50,1,2,DESEMBOLSO,5132,7448,QUE,AGENTE
185,67,182,1,6,REVERSO,2940,9133,QUE,VENTANILLA
186,69,398,3,1,ABONO,9508,5454,QUE,AGENTE
187,15,148,1,2,REVERSO,3785,1614,QUE,VENTANILLA
188,88,298,2,8,ABONO,7851,1896,QUE,ONLINE
189,88,444,3,4,CARGO COMISION,4614,4201,QUE,AGENTE
190,36,263,1,7,CARGO COMISION,7196,1279,QUE,AGENTE
191,91,274,3,8,ABONO,4474,836,QUE,APP
192,84,332,2,8,PAGO INTERES,9925,2168,QUE,CAJERO
193,31,125,2,8,DESEMBOLSO,2990,8987,QUE,AGENTE
194,60,185,3,4,ABONO,6710,4404,QUE,ONLINE
195,50,39,1,9,CARGO COMISION,85,5437,QUE,VENTANILLA
196,7,221,2,10,CARGO COMISION,8850,8256,QUE,APP
197,86,493,2,9,PAGO INTERES,4768,1670,QUE,CAJERO
198,89,469,2,3,ABONO,8279,8704,QUE,CAJERO
199,32,189,1,4,CARGO COMISION,2213,7771,QUE,ONLINE
200,66,179,3,2,ABONO,5815,6571,QUE,VENTANILLA
201,86,100,3,10,ABONO,6718,2379,QUE,VENTANILLA
202,19,81,2,7,ABONO,991,3822,QUE,ONLINE
203,67,10,2,10,ABONO,4235,638,QUE,VENTANILLA
204,65,405,2,5,DESEMBOLSO,2220,2492,QUE,CAJERO
205,6,357,2,10,DESEMBOLSO,7551,289,QUE,AGENTE
206,3,143,2,6,PAGO INTERES,7773,4725,QUE,AGENTE
207,24,252,3,7,PAGO INTERES,3784,6930,QUE,ONLINE
208,3,413,1,8,PAGO INTERES,3174,1495,QUE,AGENTE
209,65,5,1,4,REVERSO,912,9825,QUE,ONLINE
210,20,148,1,6,DESEMBOLSO,5192,1511,QUE,AGENTE
211,63,243,3,3,ABONO,6055,7490,QUE,AGENTE
212,76,97,1,9,ABONO,7204,323,QUE,VENTANILLA
213,86,452,2,10,PAGO INTERES,9749,3393,QUE,CAJERO
214,1,393,1,6,DESEMBOLSO,9400,7603,QUE,CAJERO
215,18,469,2,5,CARGO COMISION,6774,976,QUE,CAJERO
216,42,409,1,7,DESEMBOLSO,4616,54,QUE,AGENTE
217,69,320,2,9,REVERSO,9349,3778,QUE,AGENTE
218,80,112,3,4,REVERSO,1296,1645,QUE,AGENTE
219,44,311,2,9,REVERSO,4815,3961,QUE,VENTANILLA
220,76,15,1,8,DESEMBOLSO,8278,8729,QUE,VENTANILLA
221,49,357,2,4,ABONO,6025,9519,QUE,CAJERO
222,18,423,2,2,CARGO COMISION,9305,2997,QUE,ONLINE
223,69,9,3,6,PAGO INTERES,691,9889,QUE,VENTANILLA
224,41,96,3,5,ABONO,3315,5927,QUE,CAJERO
225,65,356,1,9,DESEMBOLSO,8420,7253,QUE,CAJERO
226,83,188,2,3,CARGO COMISION,5571,9407,QUE,AGENTE
227,54,249,2,4,PAGO INTERES,9027,237,QUE,CAJERO
228,63,183,1,5,ABONO,4792,399,QUE,VENTANILLA
229,13,94,3,4,REVERSO,8952,1770,QUE,AGENTE
230,6,24,1,8,DESEMBOLSO,2523,6125,QUE,CAJERO
231,89,386,3,10,PAGO INTERES,9822,4515,QUE,ONLINE
232,45,221,2,9,CARGO COMISION,1858,1904,QUE,CAJERO
233,98,238,1,6,CARGO COMISION,4350,7667,QUE,AGENTE
234,98,148,2,7,CARGO COMISION,3649,2406,QUE,ONLINE
235,9,112,2,4,DESEMBOLSO,9259,330,QUE,VENTANILLA
236,76,20,2,9,CARGO COMISION,5234,7065,QUE,VENTANILLA
237,16,172,1,4,DESEMBOLSO,138,400,QUE,CAJERO
238,15,411,3,3,DESEMBOLSO,5852,1064,QUE,APP
239,19,118,3,8,CARGO COMISION,9124,925,QUE,AGENTE
240,5,49,1,1,CARGO COMISION,7395,5501,QUE,CAJERO
241,49,468,3,7,REVERSO,103,7072,QUE,ONLINE
242,35,393,3,4,PAGO INTERES,6441,3916,QUE,CAJERO
243,42,73,1,10,REVERSO,9047,3883,QUE,VENTANILLA
244,66,125,2,6,PAGO INTERES,7496,8821,QUE,AGENTE
245,54,140,2,5,DESEMBOLSO,6408,3269,QUE,AGENTE
246,64,84,3,4,ABONO,3873,1320,QUE,APP
247,31,314,2,9,ABONO,9342,4638,QUE,CAJERO
248,6,489,2,3,DESEMBOLSO,6668,6048,QUE,VENTANILLA
249,8,262,1,10,DESEMBOLSO,248,4267,QUE,ONLINE
250,15,431,1,2,ABONO,8383,3253,QUE,CAJERO
251,64,69,3,5,PAGO INTERES,2562,478,QUE,ONLINE
252,66,343,3,6,CARGO COMISION,7322,2953,QUE,VENTANILLA
253,71,157,1,7,ABONO,3730,8136,QUE,APP
254,69,28,3,5,ABONO,4379,1438,QUE,APP
255,53,121,1,3,CARGO COMISION,5587,3533,QUE,ONLINE
256,16,316,3,10,DESEMBOLSO,9932,1681,QUE,AGENTE
257,91,444,2,4,PAGO INTERES,7802,5118,QUE,APP
258,55,290,2,1,CARGO COMISION,9395,8811,QUE,APP
259,25,101,1,10,ABONO,1040,4685,QUE,CAJERO
260,93,227,2,10,PAGO INTERES,2176,7218,QUE,AGENTE
261,24,438,1,5,REVERSO,103,3405,QUE,CAJERO
262,66,212,3,3,REVERSO,5718,8438,QUE,VENTANILLA
263,60,180,2,10,CARGO COMISION,921,8811,QUE,AGENTE
264,91,493,3,6,REVERSO,3364,8528,QUE,AGENTE
265,52,469,1,9,ABONO,6599,6178,QUE,VENTANILLA
266,91,3,2,1,DESEMBOLSO,5561,3316,QUE,AGENTE
267,5,328,1,2,PAGO INTERES,8230,308,QUE,CAJERO
268,95,99,3,10,ABONO,2817,8164,QUE,ONLINE
269,93,58,2,7,ABONO,8618,8028,QUE,AGENTE
270,5,173,2,3,ABONO,1330,1714,QUE,AGENTE
271,49,348,3,4,ABONO,3436,1224,QUE,VENTANILLA
272,88,327,3,9,CARGO COMISION,4990,5835,QUE,VENTANILLA
273,49,51,2,7,DESEMBOLSO,6112,3358,QUE,APP
274,89,163,2,2,PAGO INTERES,4908,4813,QUE,VENTANILLA
275,64,210,3,2,REVERSO,644,125,QUE,VENTANILLA
276,91,435,1,9,REVERSO,1141,5115,QUE,AGENTE
277,36,296,1,3,DESEMBOLSO,9301,2955,QUE,AGENTE
278,94,13,3,8,DESEMBOLSO,5084,3995,QUE,ONLINE
279,67,348,1,1,PAGO INTERES,3476,5244,QUE,VENTANILLA
280,94,270,3,1,CARGO COMISION,912,3358,QUE,ONLINE
281,71,483,3,7,DESEMBOLSO,8978,888,QUE,AGENTE
282,5,122,2,4,PAGO INTERES,2385,5457,QUE,ONLINE
283,65,370,2,7,PAGO INTERES,7066,9442,QUE,ONLINE
284,86,40,2,3,DESEMBOLSO,1800,4944,QUE,AGENTE
285,40,479,2,9,DESEMBOLSO,3889,3553,QUE,APP
286,38,489,3,5,PAGO INTERES,6692,3375,QUE,VENTANILLA
287,44,277,3,1,CARGO COMISION,437,3303,QUE,CAJERO
288,88,43,1,3,REVERSO,1139,4875,QUE,ONLINE
289,60,113,2,7,REVERSO,443,663,QUE,CAJERO
290,64,237,3,2,ABONO,5779,6640,QUE,AGENTE
291,72,49,1,5,CARGO COMISION,5057,3836,QUE,CAJERO
292,73,248,1,9,PAGO INTERES,5321,2863,QUE,ONLINE
293,12,182,2,4,DESEMBOLSO,5229,6878,QUE,VENTANILLA
294,85,94,1,7,PAGO INTERES,6598,3513,QUE,AGENTE
295,88,109,1,6,ABONO,5464,7322,QUE,AGENTE
296,3,447,2,1,CARGO COMISION,4708,8873,QUE,ONLINE
297,45,262,1,4,REVERSO,3734,333,QUE,AGENTE
298,96,30,3,4,REVERSO,5163,3402,QUE,ONLINE
299,65,96,3,8,CARGO COMISION,1866,2322,QUE,VENTANILLA
300,27,307,2,6,REVERSO,961,6930,QUE,CAJERO
301,90,307,1,7,DESEMBOLSO,9950,1204,QUE,AGENTE
302,86,320,1,6,CARGO COMISION,5579,8421,QUE,AGENTE
303,24,376,3,8,ABONO,1809,1109,QUE,AGENTE
304,38,369,1,4,ABONO,2428,9421,QUE,CAJERO
305,62,474,2,6,PAGO INTERES,8658,2422,QUE,VENTANILLA
306,67,429,2,4,PAGO INTERES,2352,6334,QUE,VENTANILLA
307,46,64,1,7,DESEMBOLSO,8052,9331,QUE,CAJERO
308,85,283,1,4,DESEMBOLSO,5681,9428,QUE,CAJERO
309,87,95,3,9,REVERSO,121,1717,QUE,CAJERO
310,18,152,2,4,PAGO INTERES,5349,3341,QUE,CAJERO
311,6,31,2,10,CARGO COMISION,2377,2202,QUE,APP
312,20,430,3,4,CARGO COMISION,1108,8381,QUE,ONLINE
313,71,486,1,5,DESEMBOLSO,8555,4199,QUE,APP
314,4,217,3,3,REVERSO,8859,8891,QUE,AGENTE
315,27,65,3,9,PAGO INTERES,9316,7308,QUE,APP
316,29,249,2,9,REVERSO,5196,2667,QUE,CAJERO
317,31,90,2,4,DESEMBOLSO,5939,2925,QUE,VENTANILLA
318,100,15,1,7,ABONO,564,3946,QUE,CAJERO
319,10,22,3,5,PAGO INTERES,9289,6123,QUE,CAJERO
320,21,434,3,1,ABONO,7258,8848,QUE,CAJERO
321,13,100,1,9,PAGO INTERES,1795,4269,QUE,ONLINE
322,41,306,2,8,CARGO COMISION,3225,3783,QUE,VENTANILLA
323,64,295,2,10,ABONO,6196,3692,QUE,VENTANILLA
324,18,15,1,5,CARGO COMISION,7661,8951,QUE,APP
325,67,254,1,3,PAGO INTERES,8944,2161,QUE,AGENTE
326,34,163,2,9,DESEMBOLSO,1557,2879,QUE,AGENTE
327,79,370,2,10,ABONO,3342,207,QUE,CAJERO
328,8,152,2,8,CARGO COMISION,9195,7126,QUE,APP
329,4,354,3,9,REVERSO,6298,9846,QUE,VENTANILLA
330,3,457,3,6,DESEMBOLSO,5578,3615,QUE,APP
331,84,244,1,10,DESEMBOLSO,960,9569,QUE,AGENTE
332,57,144,2,3,CARGO COMISION,4507,4783,QUE,VENTANILLA
333,87,467,1,2,CARGO COMISION,6028,3544,QUE,ONLINE
334,20,434,1,6,REVERSO,6116,8958,QUE,AGENTE
335,36,236,3,5,REVERSO,4859,8422,QUE,APP
336,21,22,1,8,CARGO COMISION,5495,9391,QUE,APP
337,45,10,3,5,ABONO,6224,9672,QUE,AGENTE
338,92,440,3,10,ABONO,6130,4733,QUE,AGENTE
339,17,138,3,7,ABONO,4424,7359,QUE,AGENTE
340,36,216,2,6,REVERSO,9023,2242,QUE,APP
341,73,6,3,4,CARGO COMISION,9105,979,QUE,AGENTE
342,71,277,1,5,REVERSO,3446,4488,QUE,APP
343,15,336,2,1,CARGO COMISION,1229,6615,QUE,ONLINE
344,20,482,1,10,PAGO INTERES,8850,9754,QUE,ONLINE
345,96,89,2,3,DESEMBOLSO,8336,2343,QUE,APP
346,66,242,1,6,ABONO,5729,6456,QUE,ONLINE
347,29,33,1,8,ABONO,6876,1786,QUE,AGENTE
348,31,128,1,5,REVERSO,7535,9246,QUE,VENTANILLA
349,21,272,3,4,REVERSO,8130,9567,QUE,VENTANILLA
350,2,134,1,3,PAGO INTERES,2260,5786,QUE,ONLINE
351,41,80,3,7,PAGO INTERES,2242,1673,QUE,APP
352,96,261,1,9,REVERSO,1060,5646,QUE,AGENTE
353,60,295,3,10,REVERSO,1836,3157,QUE,AGENTE
354,65,86,2,2,DESEMBOLSO,4196,2701,QUE,CAJERO
355,69,464,2,6,ABONO,9794,4542,QUE,CAJERO
356,81,117,2,1,REVERSO,354,6503,QUE,APP
357,60,214,1,3,REVERSO,394,6746,QUE,ONLINE
358,97,193,3,5,PAGO INTERES,1289,1392,QUE,CAJERO
359,8,446,1,5,REVERSO,2084,5726,QUE,APP
360,89,188,1,1,REVERSO,4214,4360,QUE,CAJERO
361,79,290,2,2,REVERSO,4342,7374,QUE,CAJERO
362,55,453,1,10,REVERSO,7593,603,QUE,VENTANILLA
363,81,468,3,6,ABONO,9336,753,QUE,VENTANILLA
364,80,82,3,4,REVERSO,3686,5975,QUE,ONLINE
365,32,301,1,10,REVERSO,8178,1944,QUE,APP
366,81,498,3,9,ABONO,7653,1158,QUE,CAJERO
367,97,186,1,7,PAGO INTERES,2356,955,QUE,VENTANILLA
368,38,123,2,9,REVERSO,7507,1682,QUE,VENTANILLA
369,87,26,2,4,PAGO INTERES,9055,7688,QUE,APP
370,97,151,3,6,CARGO COMISION,4640,3294,QUE,AGENTE
371,19,26,2,4,ABONO,3754,4125,QUE,VENTANILLA
372,34,26,3,10,DESEMBOLSO,7876,184,QUE,CAJERO
373,38,145,1,1,ABONO,576,5095,QUE,VENTANILLA
374,77,202,3,4,DESEMBOLSO,3120,9335,QUE,AGENTE
375,45,40,2,8,PAGO INTERES,7983,8867,QUE,CAJERO
376,73,56,1,8,DESEMBOLSO,1361,5223,QUE,VENTANILLA
377,12,85,3,9,CARGO COMISION,6571,1021,QUE,CAJERO
378,73,249,2,2,DESEMBOLSO,8135,3665,QUE,ONLINE
379,12,186,1,10,DESEMBOLSO,7712,7067,QUE,CAJERO
380,46,229,2,6,ABONO,1024,985,QUE,AGENTE
381,52,207,3,1,DESEMBOLSO,7463,8045,QUE,AGENTE
382,19,278,2,7,REVERSO,8674,9584,QUE,AGENTE
383,16,371,2,8,ABONO,7325,4397,QUE,ONLINE
384,81,82,3,6,DESEMBOLSO,9601,2588,QUE,AGENTE
385,45,5,3,5,REVERSO,1807,4570,QUE,ONLINE
386,89,477,3,7,DESEMBOLSO,4850,1081,QUE,CAJERO
387,3,373,3,6,CARGO COMISION,2909,4399,QUE,APP
388,36,4,2,3,ABONO,2909,162,QUE,CAJERO
389,20,291,2,5,ABONO,1963,6907,QUE,CAJERO
390,44,39,1,4,PAGO INTERES,3704,2734,QUE,AGENTE
391,50,304,3,10,CARGO COMISION,8109,2282,QUE,VENTANILLA
392,81,294,2,5,REVERSO,6733,7913,QUE,VENTANILLA
393,9,311,2,2,REVERSO,6823,7304,QUE,VENTANILLA
394,11,450,2,6,REVERSO,6111,6198,QUE,CAJERO
395,73,376,2,2,DESEMBOLSO,4022,3205,QUE,AGENTE
396,78,14,3,4,DESEMBOLSO,9012,113,QUE,ONLINE
397,13,26,2,3,ABONO,8195,4830,QUE,APP
398,100,115,1,2,ABONO,5760,53,QUE,VENTANILLA
399,57,296,2,3,REVERSO,8543,9933,QUE,ONLINE
400,24,379,3,8,ABONO,1944,7427,QUE,ONLINE
401,89,472,1,5,DESEMBOLSO,8643,4860,QUE,ONLINE
402,91,325,3,8,ABONO,8311,1449,QUE,APP
403,5,197,2,2,REVERSO,1599,2899,QUE,VENTANILLA
404,8,347,1,4,DESEMBOLSO,574,7079,QUE,APP
405,42,75,3,9,PAGO INTERES,7669,7641,QUE,APP
406,11,322,3,2,PAGO INTERES,1641,4089,QUE,CAJERO
407,97,39,3,10,PAGO INTERES,4307,1236,QUE,ONLINE
408,16,214,3,8,PAGO INTERES,299,4750,QUE,VENTANILLA
409,2,233,3,4,CARGO COMISION,3868,8470,QUE,AGENTE
410,57,65,3,7,CARGO COMISION,1023,5859,QUE,AGENTE
411,60,142,2,8,ABONO,6009,5291,QUE,AGENTE
412,12,399,2,1,DESEMBOLSO,8397,1043,QUE,ONLINE
413,7,378,2,7,PAGO INTERES,3728,3829,QUE,APP
414,52,409,3,7,CARGO COMISION,8826,9610,QUE,APP
415,45,110,3,10,REVERSO,1642,6833,QUE,APP
416,29,388,2,10,PAGO INTERES,7541,6218,QUE,CAJERO
417,64,154,1,6,DESEMBOLSO,3158,1902,QUE,APP
418,54,79,2,5,PAGO INTERES,9267,4372,QUE,ONLINE
419,43,428,2,6,ABONO,535,3840,QUE,ONLINE
420,76,306,3,7,PAGO INTERES,3883,3963,QUE,CAJERO
421,78,211,1,4,ABONO,9730,752,QUE,ONLINE
422,92,396,2,6,REVERSO,6404,7088,QUE,AGENTE
423,17,395,3,1,REVERSO,6696,4187,QUE,CAJERO
424,60,117,2,2,CARGO COMISION,3833,7732,QUE,APP
425,71,471,3,1,ABONO,467,2117,QUE,ONLINE
426,23,15,3,2,REVERSO,8249,5511,QUE,CAJERO
427,16,193,1,3,CARGO COMISION,4950,7123,QUE,VENTANILLA
428,65,469,3,2,REVERSO,2149,8387,QUE,CAJERO
429,63,78,1,7,REVERSO,4726,9356,QUE,VENTANILLA
430,53,12,1,2,REVERSO,5021,4019,QUE,AGENTE
431,94,60,2,2,ABONO,7820,9979,QUE,CAJERO
432,87,480,2,5,ABONO,5999,9358,QUE,CAJERO
433,53,12,3,10,REVERSO,7494,9483,QUE,APP
434,80,295,1,5,DESEMBOLSO,3736,9488,QUE,APP
435,7,276,1,1,DESEMBOLSO,4728,3501,QUE,APP
436,1,400,3,2,DESEMBOLSO,9778,3278,QUE,AGENTE
437,35,413,1,3,CARGO COMISION,5065,5806,QUE,VENTANILLA
438,18,336,3,8,CARGO COMISION,844,2934,QUE,ONLINE
439,3,140,3,7,ABONO,9595,7543,QUE,APP
440,73,76,2,9,CARGO COMISION,1810,2762,QUE,APP
441,29,351,3,1,DESEMBOLSO,6063,5653,QUE,CAJERO
442,19,163,1,3,DESEMBOLSO,5029,8005,QUE,APP
443,4,387,3,1,PAGO INTERES,8411,758,QUE,APP
444,73,229,2,8,CARGO COMISION,8189,1565,QUE,ONLINE
445,16,56,2,3,DESEMBOLSO,9862,1694,QUE,ONLINE
446,37,99,2,2,REVERSO,3726,5661,QUE,VENTANILLA
447,62,28,3,2,PAGO INTERES,1550,7832,QUE,APP
448,88,335,1,2,CARGO COMISION,8318,592,QUE,VENTANILLA
449,17,463,3,2,DESEMBOLSO,5122,7714,QUE,AGENTE
450,38,446,3,3,DESEMBOLSO,421,9319,QUE,ONLINE
451,3,332,1,5,DESEMBOLSO,4206,7030,QUE,VENTANILLA
452,63,457,2,10,PAGO INTERES,2175,7665,QUE,APP
453,97,190,3,5,CARGO COMISION,2377,7930,QUE,ONLINE
454,92,88,3,7,DESEMBOLSO,9662,1533,QUE,VENTANILLA
455,32,454,1,5,ABONO,6637,3054,QUE,VENTANILLA
456,91,249,3,1,DESEMBOLSO,1463,1560,QUE,AGENTE
457,23,469,3,9,ABONO,1649,8547,QUE,AGENTE
458,51,151,1,8,PAGO INTERES,8388,9732,QUE,AGENTE
459,52,298,3,1,PAGO INTERES,3382,8917,QUE,CAJERO
460,79,106,2,6,PAGO INTERES,8313,6097,QUE,ONLINE
461,11,22,1,3,CARGO COMISION,8774,6548,QUE,APP
462,54,86,1,5,ABONO,4618,1649,QUE,VENTANILLA
463,71,33,2,5,ABONO,9577,3298,QUE,ONLINE
464,97,349,3,10,DESEMBOLSO,555,7903,QUE,APP
465,30,196,2,5,DESEMBOLSO,1367,5084,QUE,AGENTE
466,81,204,3,2,PAGO INTERES,3979,2850,QUE,ONLINE
467,87,381,2,4,REVERSO,6035,7607,QUE,VENTANILLA
468,58,329,3,8,REVERSO,1531,8184,QUE,CAJERO
469,92,113,2,9,PAGO INTERES,8833,8106,QUE,APP
470,11,310,2,1,REVERSO,1736,3040,QUE,ONLINE
471,21,216,1,6,ABONO,2019,6998,QUE,VENTANILLA
472,4,469,3,8,ABONO,9719,4432,QUE,VENTANILLA
473,16,29,2,6,REVERSO,329,1114,QUE,VENTANILLA
474,67,17,2,2,REVERSO,9230,9702,QUE,VENTANILLA
475,43,360,3,9,DESEMBOLSO,1926,3365,QUE,VENTANILLA
476,13,16,1,7,ABONO,6830,5854,QUE,VENTANILLA
477,34,344,1,6,PAGO INTERES,744,5587,QUE,VENTANILLA
478,85,50,1,9,ABONO,9751,6316,QUE,AGENTE
479,36,253,1,5,DESEMBOLSO,7598,8419,QUE,CAJERO
480,44,454,1,4,REVERSO,6323,8940,QUE,CAJERO
481,30,14,1,9,ABONO,8669,5158,QUE,ONLINE
482,8,325,3,10,CARGO COMISION,9689,3401,QUE,VENTANILLA
483,78,206,2,1,REVERSO,4768,2522,QUE,APP
484,41,40,2,10,PAGO INTERES,7919,6310,QUE,ONLINE
485,52,316,1,9,DESEMBOLSO,5674,8442,QUE,CAJERO
486,11,239,1,8,DESEMBOLSO,6816,6778,QUE,ONLINE
487,31,315,2,3,ABONO,1837,80,QUE,AGENTE
488,20,282,3,8,DESEMBOLSO,1002,8302,QUE,ONLINE
489,100,370,2,3,DESEMBOLSO,9230,2336,QUE,APP
490,19,153,1,2,ABONO,9430,3668,QUE,AGENTE
491,90,232,3,6,PAGO INTERES,6162,5443,QUE,AGENTE
492,56,272,3,7,DESEMBOLSO,6726,663,QUE,APP
493,69,189,2,6,ABONO,3708,3748,QUE,VENTANILLA
494,55,48,1,2,REVERSO,8737,9971,QUE,APP
495,92,313,1,3,CARGO COMISION,6072,2043,QUE,VENTANILLA
496,69,14,3,8,CARGO COMISION,819,7715,QUE,APP
497,18,396,2,8,REVERSO,4417,2388,QUE,VENTANILLA
498,8,278,3,7,REVERSO,9245,5607,QUE,ONLINE
499,25,176,3,6,ABONO,2101,7196,QUE,APP
500,14,202,1,2,DESEMBOLSO,5661,9607,QUE,CAJERO
501,71,184,2,7,ABONO,6690,588,QUE,APP
502,92,451,2,7,ABONO,1666,6418,QUE,APP
503,81,336,1,4,CARGO COMISION,9919,476,QUE,CAJERO
504,69,314,1,10,CARGO COMISION,5266,6240,QUE,ONLINE
505,37,219,2,7,REVERSO,4412,4680,QUE,AGENTE
506,4,444,1,7,CARGO COMISION,7098,3304,QUE,ONLINE
507,10,259,2,1,ABONO,8930,8995,QUE,AGENTE
508,92,429,2,10,REVERSO,9601,6014,QUE,VENTANILLA
509,7,381,1,4,DESEMBOLSO,5958,1674,QUE,APP
510,12,310,1,10,DESEMBOLSO,3954,1865,QUE,VENTANILLA
511,36,304,1,9,DESEMBOLSO,4702,2436,QUE,APP
512,97,431,2,4,ABONO,6143,608,QUE,CAJERO
513,1,150,2,1,DESEMBOLSO,6857,5285,QUE,VENTANILLA
514,67,369,3,7,DESEMBOLSO,3467,1107,QUE,VENTANILLA
515,97,460,2,10,ABONO,1309,5066,QUE,VENTANILLA
516,15,309,2,1,REVERSO,4587,6748,QUE,ONLINE
517,79,367,2,4,ABONO,5209,6564,QUE,APP
518,44,472,3,9,ABONO,2901,2068,QUE,AGENTE
519,32,440,3,9,ABONO,2072,4971,QUE,ONLINE
520,9,125,1,10,DESEMBOLSO,2807,3829,QUE,APP
521,92,254,2,3,CARGO COMISION,5713,389,QUE,APP
522,7,416,3,10,ABONO,997,9399,QUE,CAJERO
523,65,219,3,8,PAGO INTERES,5385,9349,QUE,CAJERO
524,11,437,2,10,CARGO COMISION,9486,2226,QUE,VENTANILLA
525,75,500,3,5,ABONO,9376,1936,QUE,VENTANILLA
526,76,375,3,5,ABONO,1162,8584,QUE,APP
527,6,380,2,6,CARGO COMISION,8848,5522,QUE,APP
528,27,302,3,4,REVERSO,6969,8596,QUE,ONLINE
529,21,133,3,3,PAGO INTERES,2431,346,QUE,CAJERO
530,44,250,1,3,PAGO INTERES,1493,4357,QUE,CAJERO
531,42,226,1,8,REVERSO,9450,6817,QUE,VENTANILLA
532,90,418,1,5,CARGO COMISION,918,9505,QUE,ONLINE
533,64,350,3,4,PAGO INTERES,8052,2973,QUE,VENTANILLA
534,87,411,3,8,REVERSO,5380,8718,QUE,AGENTE
535,38,153,2,9,DESEMBOLSO,6297,2876,QUE,AGENTE
536,4,217,2,10,CARGO COMISION,4687,6165,QUE,VENTANILLA
537,46,206,3,4,ABONO,5543,2782,QUE,VENTANILLA
538,96,200,2,7,ABONO,88,2549,QUE,CAJERO
539,6,50,1,2,PAGO INTERES,3316,2630,QUE,AGENTE
540,79,143,1,5,PAGO INTERES,5527,8581,QUE,CAJERO
541,10,113,3,8,REVERSO,8535,8030,QUE,APP
542,91,193,1,4,REVERSO,9819,1145,QUE,VENTANILLA
543,46,65,1,2,REVERSO,2377,7598,QUE,APP
544,93,239,3,3,DESEMBOLSO,5984,4164,QUE,AGENTE
545,88,174,1,6,DESEMBOLSO,2761,778,QUE,VENTANILLA
546,63,125,2,2,REVERSO,5610,4495,QUE,ONLINE
547,5,478,1,8,DESEMBOLSO,3444,3511,QUE,VENTANILLA
548,98,129,3,9,ABONO,408,9298,QUE,CAJERO
549,66,30,2,9,CARGO COMISION,7655,1123,QUE,CAJERO
550,72,337,3,7,DESEMBOLSO,3995,7660,QUE,ONLINE
551,24,196,3,5,DESEMBOLSO,2726,8033,QUE,VENTANILLA
552,46,154,1,2,PAGO INTERES,5687,6830,QUE,ONLINE
553,7,9,2,5,CARGO COMISION,7901,8770,QUE,AGENTE
554,63,284,1,3,REVERSO,9066,85,QUE,ONLINE
555,25,289,1,9,ABONO,7248,1712,QUE,VENTANILLA
556,2,107,1,5,PAGO INTERES,4441,641,QUE,CAJERO
557,65,136,2,1,DESEMBOLSO,5079,7418,QUE,CAJERO
558,97,416,3,10,ABONO,2110,655,QUE,ONLINE
559,4,476,2,7,DESEMBOLSO,9357,7601,QUE,ONLINE
560,32,323,2,5,CARGO COMISION,7587,5865,QUE,APP
561,98,221,3,7,CARGO COMISION,6621,1888,QUE,ONLINE
562,43,50,2,8,DESEMBOLSO,7318,1991,QUE,CAJERO
563,16,285,2,1,ABONO,920,9908,QUE,CAJERO
564,54,313,2,7,CARGO COMISION,6488,1399,QUE,ONLINE
565,97,343,3,9,ABONO,6530,7802,QUE,CAJERO
566,8,427,3,9,CARGO COMISION,364,3915,QUE,CAJERO
567,1,498,3,2,CARGO COMISION,9245,5174,QUE,APP
568,29,65,2,7,PAGO INTERES,4849,9177,QUE,VENTANILLA
569,78,204,3,9,REVERSO,5977,8979,QUE,VENTANILLA
570,7,305,1,2,PAGO INTERES,1059,8168,QUE,APP
571,69,239,3,7,PAGO INTERES,5742,188,QUE,ONLINE
572,3,341,3,5,PAGO INTERES,3399,8164,QUE,APP
573,31,303,1,10,CARGO COMISION,4994,7071,QUE,ONLINE
574,62,126,2,1,DESEMBOLSO,4630,7702,QUE,CAJERO
575,84,370,1,2,ABONO,3870,6383,QUE,AGENTE
576,26,244,3,2,ABONO,6924,7471,QUE,AGENTE
577,65,376,2,1,PAGO INTERES,5315,1426,QUE,CAJERO
578,57,147,2,4,REVERSO,1826,8703,QUE,APP
579,52,313,2,6,REVERSO,7845,1022,QUE,VENTANILLA
580,45,173,3,4,ABONO,2500,6405,QUE,AGENTE
581,10,129,3,2,PAGO INTERES,9635,7730,QUE,APP
582,83,447,1,4,DESEMBOLSO,7437,3623,QUE,VENTANILLA
583,90,171,1,1,CARGO COMISION,5733,4473,QUE,CAJERO
584,31,245,3,7,CARGO COMISION,7116,1279,QUE,ONLINE
585,78,166,1,1,ABONO,322,3527,QUE,APP
586,29,180,2,3,REVERSO,5888,2977,QUE,CAJERO
587,81,311,2,4,REVERSO,6716,3207,QUE,APP
588,50,151,2,7,REVERSO,7036,9122,QUE,CAJERO
589,40,410,2,10,CARGO COMISION,7796,6631,QUE,APP
590,86,409,2,1,REVERSO,1847,1564,QUE,VENTANILLA
591,89,11,2,5,PAGO INTERES,5481,5907,QUE,AGENTE
592,55,57,1,5,ABONO,3585,5879,QUE,CAJERO
593,1,491,3,10,PAGO INTERES,1153,3873,QUE,CAJERO
594,89,216,1,2,REVERSO,1390,4073,QUE,CAJERO
595,35,198,3,9,PAGO INTERES,8775,8391,QUE,APP
596,90,101,1,9,CARGO COMISION,7857,8938,QUE,VENTANILLA
597,25,487,3,2,DESEMBOLSO,2218,2017,QUE,ONLINE
598,90,386,2,2,REVERSO,9676,7811,QUE,APP
599,38,202,1,8,ABONO,9117,2648,QUE,VENTANILLA
600,24,384,2,2,ABONO,4466,1803,QUE,VENTANILLA
601,14,142,1,7,CARGO COMISION,7867,3770,QUE,ONLINE
602,96,395,3,6,DESEMBOLSO,5002,1765,QUE,CAJERO
603,90,365,1,4,PAGO INTERES,4453,2775,QUE,CAJERO
604,80,41,1,4,REVERSO,7344,2842,QUE,CAJERO
605,91,89,2,4,DESEMBOLSO,1217,2687,QUE,VENTANILLA
606,30,184,3,1,PAGO INTERES,4580,2182,QUE,CAJERO
607,94,160,2,4,ABONO,6348,2713,QUE,CAJERO
608,45,67,2,1,PAGO INTERES,8721,6311,QUE,CAJERO
609,71,312,2,8,REVERSO,1577,9760,QUE,CAJERO
610,72,227,3,6,PAGO INTERES,6119,9023,QUE,APP
611,88,121,3,10,ABONO,3352,7344,QUE,VENTANILLA
612,9,289,3,10,REVERSO,3834,7581,QUE,APP
613,72,75,3,4,DESEMBOLSO,4310,5413,QUE,APP
614,69,348,3,10,DESEMBOLSO,6581,2829,QUE,ONLINE
615,40,133,2,2,ABONO,8701,2686,QUE,CAJERO
616,91,190,2,9,ABONO,4028,8097,QUE,APP
617,6,374,1,3,CARGO COMISION,8456,4105,QUE,AGENTE
618,76,187,3,3,REVERSO,9631,3043,QUE,ONLINE
619,1,202,1,2,ABONO,4622,4620,QUE,CAJERO
620,20,22,3,6,REVERSO,1299,1696,QUE,AGENTE
621,86,24,1,6,ABONO,7955,2778,QUE,AGENTE
622,89,96,1,6,ABONO,2021,6709,QUE,VENTANILLA
623,6,233,2,10,DESEMBOLSO,2436,7038,QUE,CAJERO
624,46,253,2,4,PAGO INTERES,7259,929,QUE,ONLINE
625,25,357,3,3,ABONO,4042,6218,QUE,VENTANILLA
626,95,12,1,8,PAGO INTERES,4925,6023,QUE,CAJERO
627,13,356,2,3,ABONO,4093,4547,QUE,AGENTE
628,27,325,2,10,ABONO,5730,958,QUE,ONLINE
629,4,20,1,8,DESEMBOLSO,4429,6271,QUE,AGENTE
630,14,180,3,10,PAGO INTERES,8640,2054,QUE,AGENTE
631,6,60,2,2,CARGO COMISION,7736,545,QUE,APP
632,16,336,1,1,ABONO,8311,8092,QUE,VENTANILLA
633,69,256,3,7,CARGO COMISION,2590,1462,QUE,VENTANILLA
634,49,157,3,6,CARGO COMISION,7480,1847,QUE,AGENTE
635,17,258,3,5,REVERSO,5617,1789,QUE,AGENTE
636,12,76,1,5,ABONO,8973,1631,QUE,APP
637,25,491,3,2,DESEMBOLSO,6021,5025,QUE,APP
638,32,273,1,7,ABONO,5345,9715,QUE,ONLINE
639,26,487,1,4,DESEMBOLSO,3530,9693,QUE,VENTANILLA
640,10,53,1,5,REVERSO,1321,7380,QUE,ONLINE
641,93,208,2,2,PAGO INTERES,7997,9059,QUE,APP
642,2,381,3,7,PAGO INTERES,2848,8791,QUE,CAJERO
643,78,196,1,10,PAGO INTERES,6124,6073,QUE,AGENTE
644,30,67,2,2,DESEMBOLSO,1887,7103,QUE,VENTANILLA
645,80,100,2,3,DESEMBOLSO,8808,3845,QUE,AGENTE
646,60,98,2,7,PAGO INTERES,5067,7921,QUE,CAJERO
647,72,9,2,6,CARGO COMISION,4268,9664,QUE,AGENTE
648,90,324,2,4,REVERSO,7201,4367,QUE,VENTANILLA
649,15,402,3,8,ABONO,8903,1320,QUE,AGENTE
650,53,109,2,9,CARGO COMISION,4050,362,QUE,AGENTE
651,15,33,2,1,ABONO,2715,1844,QUE,APP
652,43,5,1,6,CARGO COMISION,3529,1217,QUE,ONLINE
653,80,404,1,4,ABONO,5114,8718,QUE,AGENTE
654,7,34,1,4,ABONO,9318,9547,QUE,ONLINE
655,20,400,1,8,ABONO,6268,6399,QUE,AGENTE
656,62,387,2,1,PAGO INTERES,6276,6984,QUE,CAJERO
657,2,146,3,2,REVERSO,7455,1594,QUE,VENTANILLA
658,53,177,1,7,CARGO COMISION,1108,5432,QUE,ONLINE
659,85,66,1,8,REVERSO,698,191,QUE,APP
660,83,298,1,2,ABONO,2623,1143,QUE,VENTANILLA
661,13,170,3,10,ABONO,1413,2441,QUE,AGENTE
662,80,464,2,5,PAGO INTERES,1719,5095,QUE,VENTANILLA
663,88,123,1,2,DESEMBOLSO,7732,1896,QUE,APP
664,67,377,1,9,CARGO COMISION,5049,6668,QUE,APP
665,30,108,2,5,PAGO INTERES,9849,1963,QUE,ONLINE
666,34,97,1,2,DESEMBOLSO,5442,2586,QUE,CAJERO
667,53,93,1,9,CARGO COMISION,8787,7063,QUE,VENTANILLA
668,9,423,1,3,CARGO COMISION,5737,8727,QUE,CAJERO
669,84,362,3,2,CARGO COMISION,5431,3409,QUE,ONLINE
670,76,155,2,5,PAGO INTERES,8170,192,QUE,CAJERO
671,14,229,1,7,PAGO INTERES,5618,6267,QUE,ONLINE
672,89,376,2,4,ABONO,2873,7071,QUE,APP
673,36,305,2,6,DESEMBOLSO,9741,3761,QUE,VENTANILLA
674,52,115,3,3,PAGO INTERES,7991,7951,QUE,ONLINE
675,78,165,3,1,CARGO COMISION,4308,3720,QUE,APP
676,69,142,1,1,ABONO,243,8769,QUE,AGENTE
677,65,241,3,1,REVERSO,5449,4867,QUE,ONLINE
678,45,441,2,1,ABONO,217,9523,QUE,VENTANILLA
679,38,246,1,7,REVERSO,3613,6767,QUE,AGENTE
680,23,258,2,3,ABONO,4441,210,QUE,APP
681,85,37,1,6,CARGO COMISION,8188,221,QUE,APP
682,83,35,1,2,DESEMBOLSO,8919,8487,QUE,APP
683,45,13,2,4,DESEMBOLSO,3304,9522,QUE,AGENTE
684,93,477,3,10,PAGO INTERES,4215,7597,QUE,CAJERO
685,35,449,1,9,ABONO,4052,7648,QUE,ONLINE
686,53,78,2,10,PAGO INTERES,6335,4137,QUE,APP
687,35,269,3,5,REVERSO,8219,4242,QUE,VENTANILLA
688,45,25,1,2,ABONO,7909,5364,QUE,APP
689,21,363,1,6,CARGO COMISION,7141,3414,QUE,VENTANILLA
690,97,344,2,1,CARGO COMISION,5149,839,QUE,ONLINE
691,58,2,3,7,REVERSO,4047,9832,QUE,VENTANILLA
692,50,459,1,9,ABONO,6684,8460,QUE,CAJERO
693,100,276,2,7,PAGO INTERES,8108,6932,QUE,APP
694,6,79,3,4,REVERSO,7316,5730,QUE,CAJERO
695,83,299,3,1,REVERSO,4214,2520,QUE,APP
696,57,413,2,7,CARGO COMISION,2029,6712,QUE,VENTANILLA
697,14,249,2,3,CARGO COMISION,8071,587,QUE,CAJERO
698,87,292,3,10,REVERSO,5168,2299,QUE,APP
699,65,334,3,1,REVERSO,3968,8445,QUE,ONLINE
700,77,445,3,2,PAGO INTERES,1763,5085,QUE,VENTANILLA
701,85,168,3,10,ABONO,9542,2787,QUE,AGENTE
702,7,259,3,7,PAGO INTERES,1393,8470,QUE,AGENTE
703,62,395,1,3,DESEMBOLSO,9704,8171,QUE,CAJERO
704,32,468,1,3,PAGO INTERES,9427,9250,QUE,CAJERO
705,78,155,1,10,CARGO COMISION,6466,7009,QUE,APP
706,25,170,1,6,REVERSO,728,8544,QUE,ONLINE
707,12,171,2,7,PAGO INTERES,5030,6650,QUE,AGENTE
708,98,236,2,10,CARGO COMISION,3420,6772,QUE,APP
709,86,242,2,10,REVERSO,3198,8680,QUE,ONLINE
710,52,35,2,1,DESEMBOLSO,1536,6240,QUE,APP
711,50,247,1,3,DESEMBOLSO,7546,8677,QUE,ONLINE
712,57,374,3,4,REVERSO,9995,4896,QUE,APP
713,73,318,3,7,REVERSO,2936,8926,QUE,CAJERO
714,42,88,3,2,CARGO COMISION,3022,7278,QUE,AGENTE
715,55,25,3,3,ABONO,6576,988,QUE,CAJERO
716,87,458,2,10,PAGO INTERES,4467,5732,QUE,ONLINE
717,46,300,2,9,CARGO COMISION,1486,6036,QUE,AGENTE
718,1,429,2,5,CARGO COMISION,6978,6533,QUE,ONLINE
719,26,192,1,1,ABONO,4214,949,QUE,CAJERO
720,19,376,1,7,PAGO INTERES,3829,4398,QUE,CAJERO
721,91,485,1,4,PAGO INTERES,8801,3232,QUE,CAJERO
722,81,381,2,8,PAGO INTERES,7698,949,QUE,CAJERO
723,79,19,3,5,CARGO COMISION,5250,1255,QUE,APP
724,45,483,2,8,ABONO,5911,4507,QUE,APP
725,19,248,2,8,DESEMBOLSO,3703,8884,QUE,VENTANILLA
726,1,103,2,5,PAGO INTERES,3739,3067,QUE,AGENTE
727,32,150,1,10,CARGO COMISION,5242,9787,QUE,AGENTE
728,12,233,3,6,ABONO,3039,7149,QUE,APP
729,100,117,3,4,PAGO INTERES,7198,2236,QUE,AGENTE
730,100,93,1,9,REVERSO,4635,4663,QUE,AGENTE
731,7,391,3,9,REVERSO,3380,4753,QUE,ONLINE
732,57,99,3,6,PAGO INTERES,3264,2823,QUE,VENTANILLA
733,41,386,1,6,REVERSO,7153,3003,QUE,AGENTE
734,90,264,3,1,ABONO,459,3471,QUE,AGENTE
735,72,24,2,2,REVERSO,3503,6352,QUE,APP
736,51,382,3,4,CARGO COMISION,576,2329,QUE,AGENTE
737,93,486,3,6,CARGO COMISION,6603,4569,QUE,AGENTE
738,75,264,3,6,PAGO INTERES,4713,3041,QUE,ONLINE
739,67,359,2,2,PAGO INTERES,1612,6707,QUE,APP
740,79,280,2,3,CARGO COMISION,9392,8024,QUE,AGENTE
741,86,486,2,6,ABONO,7239,8170,QUE,APP
742,90,384,1,9,PAGO INTERES,1302,7365,QUE,VENTANILLA
743,50,370,1,2,REVERSO,121,140,QUE,ONLINE
744,35,211,3,3,ABONO,8437,3460,QUE,APP
745,90,308,1,5,PAGO INTERES,9998,8971,QUE,VENTANILLA
746,41,96,2,9,ABONO,4090,3726,QUE,ONLINE
747,31,168,2,3,REVERSO,1405,6143,QUE,CAJERO
748,11,98,2,1,PAGO INTERES,7964,9060,QUE,ONLINE
749,51,304,2,5,REVERSO,1983,95,QUE,ONLINE
750,81,370,2,9,ABONO,4215,1190,QUE,CAJERO
751,96,437,2,8,CARGO COMISION,6484,3324,QUE,APP
752,34,361,3,3,ABONO,6494,8731,QUE,AGENTE
753,77,97,2,9,ABONO,4822,8627,QUE,ONLINE
754,15,447,3,3,ABONO,1013,4863,QUE,ONLINE
755,88,89,1,9,CARGO COMISION,6897,1028,QUE,ONLINE
756,90,5,1,2,DESEMBOLSO,1295,531,QUE,ONLINE
757,23,364,3,9,REVERSO,9698,953,QUE,VENTANILLA
758,85,109,3,3,ABONO,5644,9806,QUE,CAJERO
759,83,442,3,8,DESEMBOLSO,6618,2762,QUE,ONLINE
760,20,174,3,5,ABONO,4250,3228,QUE,CAJERO
761,18,58,3,7,REVERSO,5817,3633,QUE,APP
762,98,351,3,6,DESEMBOLSO,7831,9622,QUE,CAJERO
763,79,380,2,5,DESEMBOLSO,2365,2698,QUE,AGENTE
764,32,205,3,7,PAGO INTERES,8170,7822,QUE,APP
765,35,7,2,9,DESEMBOLSO,6383,3755,QUE,VENTANILLA
766,11,285,3,3,PAGO INTERES,2931,5798,QUE,ONLINE
767,3,225,3,4,DESEMBOLSO,8687,8641,QUE,VENTANILLA
768,76,42,3,7,DESEMBOLSO,4178,4345,QUE,APP
769,20,476,3,6,REVERSO,7149,1869,QUE,CAJERO
770,57,287,2,6,REVERSO,3036,1496,QUE,VENTANILLA
771,93,324,1,9,REVERSO,4765,5578,QUE,APP
772,41,138,1,6,CARGO COMISION,6138,2790,QUE,ONLINE
773,66,271,2,1,DESEMBOLSO,2248,3763,QUE,VENTANILLA
774,52,83,2,5,DESEMBOLSO,860,1195,QUE,AGENTE
775,24,104,2,1,ABONO,5125,3419,QUE,AGENTE
776,38,132,3,9,PAGO INTERES,1497,3701,QUE,APP
777,60,248,3,3,CARGO COMISION,9674,2499,QUE,APP
778,44,466,3,3,REVERSO,6654,3312,QUE,CAJERO
779,29,91,2,5,REVERSO,970,186,QUE,VENTANILLA
780,77,273,1,7,ABONO,4513,6357,QUE,AGENTE
781,69,102,2,9,PAGO INTERES,2049,2174,QUE,APP
782,15,284,2,6,DESEMBOLSO,4228,7240,QUE,VENTANILLA
783,7,221,3,4,ABONO,968,8810,QUE,APP
784,46,387,1,10,ABONO,7166,4004,QUE,VENTANILLA
785,16,462,3,4,DESEMBOLSO,6012,564,QUE,CAJERO
786,53,459,2,1,PAGO INTERES,2498,4015,QUE,VENTANILLA
787,49,124,3,8,DESEMBOLSO,8409,9500,QUE,ONLINE
788,18,384,1,1,CARGO COMISION,9951,8120,QUE,CAJERO
789,83,223,3,6,PAGO INTERES,4408,929,QUE,ONLINE
790,81,304,1,2,REVERSO,3208,7090,QUE,VENTANILLA
791,60,371,3,4,DESEMBOLSO,111,6744,QUE,APP
792,88,65,1,2,ABONO,6725,1019,QUE,CAJERO
793,100,469,3,6,DESEMBOLSO,5353,431,QUE,VENTANILLA
794,16,4,1,10,ABONO,300,8006,QUE,APP
795,29,335,3,10,ABONO,2703,2476,QUE,ONLINE
796,58,290,1,1,REVERSO,6630,1772,QUE,VENTANILLA
797,92,474,3,9,DESEMBOLSO,9821,449,QUE,APP
798,11,279,1,8,REVERSO,3803,5927,QUE,VENTANILLA
799,62,351,3,7,CARGO COMISION,9378,8717,QUE,APP
800,40,163,1,2,DESEMBOLSO,6065,3620,QUE,VENTANILLA
801,32,276,3,4,PAGO INTERES,4217,290,QUE,APP
802,5,181,2,7,CARGO COMISION,6609,7659,QUE,AGENTE
803,77,37,1,5,DESEMBOLSO,2867,2226,QUE,APP
804,55,50,1,4,REVERSO,3114,3628,QUE,AGENTE
805,21,306,3,7,DESEMBOLSO,1421,7071,QUE,ONLINE
806,77,13,1,4,REVERSO,2986,7257,QUE,CAJERO
807,4,479,3,5,REVERSO,5175,4760,QUE,CAJERO
808,94,379,1,5,DESEMBOLSO,7721,5692,QUE,VENTANILLA
809,2,397,1,2,CARGO COMISION,8477,8254,QUE,VENTANILLA
810,41,37,1,2,REVERSO,2937,3742,QUE,VENTANILLA
811,85,374,1,9,ABONO,9601,8813,QUE,APP
812,84,354,2,2,CARGO COMISION,8990,306,QUE,CAJERO
813,69,65,2,8,REVERSO,8432,9765,QUE,CAJERO
814,30,86,1,6,REVERSO,2573,5587,QUE,VENTANILLA
815,40,125,1,10,DESEMBOLSO,2648,2726,QUE,ONLINE
816,21,14,2,10,CARGO COMISION,9420,4816,QUE,APP
817,42,357,3,4,DESEMBOLSO,5122,8117,QUE,AGENTE
818,43,451,2,4,PAGO INTERES,147,5656,QUE,APP
819,42,102,2,7,PAGO INTERES,5779,5605,QUE,VENTANILLA
820,46,296,1,6,ABONO,4282,1539,QUE,AGENTE
821,17,21,3,1,CARGO COMISION,9295,8851,QUE,CAJERO
822,53,475,1,1,DESEMBOLSO,2055,1536,QUE,ONLINE
823,37,391,3,2,DESEMBOLSO,1082,8435,QUE,ONLINE
824,40,155,3,6,REVERSO,9736,6352,QUE,APP
825,83,410,2,5,PAGO INTERES,6921,6024,QUE,AGENTE
826,83,242,1,2,REVERSO,6988,4402,QUE,APP
827,71,63,2,1,CARGO COMISION,5315,8346,QUE,ONLINE
828,89,258,1,7,REVERSO,5860,7093,QUE,APP
829,91,3,3,7,CARGO COMISION,1981,2027,QUE,APP
830,50,460,1,2,PAGO INTERES,6044,4350,QUE,CAJERO
831,12,167,1,2,CARGO COMISION,6754,1815,QUE,VENTANILLA
832,12,404,1,3,PAGO INTERES,3166,3440,QUE,APP
833,93,273,2,1,CARGO COMISION,5054,2250,QUE,APP
834,27,302,2,10,PAGO INTERES,2768,4127,QUE,ONLINE
835,9,258,3,10,PAGO INTERES,5439,2622,QUE,ONLINE
836,64,226,1,6,REVERSO,5512,2588,QUE,APP
837,44,359,1,1,DESEMBOLSO,8669,6987,QUE,CAJERO
838,97,290,1,4,REVERSO,7851,1879,QUE,AGENTE
839,58,404,2,2,REVERSO,3782,5091,QUE,AGENTE
840,56,98,2,1,DESEMBOLSO,6621,6187,QUE,AGENTE
841,71,454,2,3,REVERSO,3174,61,QUE,ONLINE
842,30,275,2,6,REVERSO,1170,8259,QUE,AGENTE
843,30,487,2,7,ABONO,7045,9700,QUE,APP
844,84,148,3,7,ABONO,2182,8085,QUE,AGENTE
845,93,36,3,5,DESEMBOLSO,1250,7413,QUE,ONLINE
846,15,488,2,6,ABONO,5446,668,QUE,CAJERO
847,18,71,3,10,PAGO INTERES,5665,2516,QUE,VENTANILLA
848,26,384,2,5,REVERSO,7763,8442,QUE,APP
849,49,252,2,5,ABONO,7254,5965,QUE,APP
850,92,320,1,8,ABONO,1611,5059,QUE,VENTANILLA
851,64,499,3,3,REVERSO,4750,4296,QUE,VENTANILLA
852,6,192,2,10,CARGO COMISION,4195,1047,QUE,VENTANILLA
853,92,356,2,10,ABONO,4711,6004,QUE,VENTANILLA
854,56,196,2,10,DESEMBOLSO,1849,7106,QUE,APP
855,15,456,1,3,PAGO INTERES,505,3440,QUE,VENTANILLA
856,23,311,3,1,PAGO INTERES,932,3377,QUE,ONLINE
857,20,72,1,8,CARGO COMISION,2717,9899,QUE,VENTANILLA
858,67,283,3,10,ABONO,223,7785,QUE,AGENTE
859,50,53,1,5,CARGO COMISION,898,9169,QUE,AGENTE
860,93,138,3,6,PAGO INTERES,6138,4763,QUE,CAJERO
861,78,384,3,5,REVERSO,8960,1447,QUE,APP
862,40,6,2,3,ABONO,6278,5327,QUE,ONLINE
863,20,85,1,4,REVERSO,905,2016,QUE,VENTANILLA
864,84,228,2,8,PAGO INTERES,839,2216,QUE,APP
865,67,106,2,10,ABONO,5412,7122,QUE,APP
866,76,328,3,2,PAGO INTERES,7647,9983,QUE,ONLINE
867,75,53,2,5,PAGO INTERES,8371,3844,QUE,CAJERO
868,46,48,2,10,CARGO COMISION,8904,541,QUE,AGENTE
869,36,85,3,4,REVERSO,4415,6989,QUE,VENTANILLA
870,77,170,3,6,DESEMBOLSO,5450,5990,QUE,VENTANILLA
871,67,458,2,4,REVERSO,7752,9966,QUE,CAJERO
872,76,70,2,7,REVERSO,535,1318,QUE,VENTANILLA
873,26,487,3,4,REVERSO,2712,3698,QUE,CAJERO
874,2,240,1,8,ABONO,1415,7234,QUE,AGENTE
875,40,101,3,4,REVERSO,1592,2815,QUE,APP
876,17,431,1,3,PAGO INTERES,2212,3961,QUE,VENTANILLA
877,100,499,2,4,REVERSO,4007,7186,QUE,VENTANILLA
878,55,142,2,5,PAGO INTERES,2924,1182,QUE,ONLINE
879,86,382,3,7,REVERSO,4613,2074,QUE,VENTANILLA
880,80,349,3,2,REVERSO,5862,8840,QUE,ONLINE
881,49,413,2,7,PAGO INTERES,9226,1384,QUE,APP
882,89,378,3,4,PAGO INTERES,4226,1950,QUE,ONLINE
883,30,241,3,10,PAGO INTERES,4086,7538,QUE,APP
884,67,25,3,9,ABONO,696,1670,QUE,VENTANILLA
885,32,172,1,7,PAGO INTERES,9491,4181,QUE,ONLINE
886,86,330,1,2,PAGO INTERES,5025,3255,QUE,APP
887,90,44,3,5,DESEMBOLSO,4394,9122,QUE,AGENTE
888,52,317,3,10,PAGO INTERES,8912,2040,QUE,VENTANILLA
889,85,395,3,8,REVERSO,4810,1968,QUE,ONLINE
890,14,404,1,6,PAGO INTERES,4225,1532,QUE,CAJERO
891,96,431,3,8,CARGO COMISION,4790,445,QUE,AGENTE
892,60,111,3,3,CARGO COMISION,8070,3646,QUE,APP
893,18,484,2,4,ABONO,5901,6079,QUE,ONLINE
894,67,137,1,7,DESEMBOLSO,6211,1552,QUE,AGENTE
895,58,493,3,1,PAGO INTERES,2956,1814,QUE,ONLINE
896,66,277,1,10,REVERSO,2883,881,QUE,VENTANILLA
897,11,390,1,10,DESEMBOLSO,7425,2818,QUE,APP
898,44,179,1,9,ABONO,4095,8708,QUE,AGENTE
899,11,138,1,10,REVERSO,5498,2699,QUE,VENTANILLA
900,49,76,2,1,ABONO,5552,9855,QUE,ONLINE
901,87,268,2,1,ABONO,4607,1755,QUE,CAJERO
902,32,393,2,6,CARGO COMISION,1766,4546,QUE,AGENTE
903,32,488,3,4,PAGO INTERES,5655,5063,QUE,APP
904,1,238,1,1,DESEMBOLSO,8748,7912,QUE,CAJERO
905,73,414,3,6,DESEMBOLSO,3811,4910,QUE,ONLINE
906,75,176,3,4,ABONO,806,9727,QUE,CAJERO
907,31,131,3,8,CARGO COMISION,6864,3909,QUE,AGENTE
908,100,211,2,3,REVERSO,5927,5826,QUE,AGENTE
909,62,390,2,5,ABONO,9350,423,QUE,CAJERO
910,25,423,2,1,DESEMBOLSO,7580,8119,QUE,ONLINE
911,20,285,2,10,ABONO,7245,8649,QUE,VENTANILLA
912,18,56,3,5,ABONO,9996,1215,QUE,CAJERO
913,84,410,2,9,CARGO COMISION,4359,5227,QUE,ONLINE
914,91,385,1,9,PAGO INTERES,723,8374,QUE,APP
915,62,140,3,9,CARGO COMISION,9148,1261,QUE,CAJERO
916,93,7,3,1,REVERSO,6434,9018,QUE,APP
917,32,397,3,1,DESEMBOLSO,5835,6345,QUE,VENTANILLA
918,44,148,2,3,ABONO,7705,6719,QUE,VENTANILLA
919,23,468,2,9,REVERSO,4366,8102,QUE,CAJERO
920,26,138,1,10,DESEMBOLSO,9750,4011,QUE,AGENTE
921,46,186,3,8,CARGO COMISION,5500,4347,QUE,AGENTE
922,64,149,2,7,PAGO INTERES,7882,2370,QUE,VENTANILLA
923,37,65,2,4,ABONO,8190,4821,QUE,ONLINE
924,76,169,2,8,REVERSO,469,5827,QUE,ONLINE
925,97,453,3,5,PAGO INTERES,2689,9128,QUE,AGENTE
926,17,245,3,4,CARGO COMISION,8942,8143,QUE,CAJERO
927,89,436,2,6,ABONO,9228,962,QUE,APP
928,25,412,3,9,PAGO INTERES,9213,5485,QUE,AGENTE
929,86,421,2,1,ABONO,492,9115,QUE,APP
930,50,78,3,5,REVERSO,3735,8591,QUE,ONLINE
931,86,152,2,8,CARGO COMISION,7498,7866,QUE,APP
932,6,144,2,6,PAGO INTERES,9073,4156,QUE,APP
933,78,344,1,3,DESEMBOLSO,9994,1870,QUE,CAJERO
934,56,402,3,2,CARGO COMISION,4023,4077,QUE,AGENTE
935,44,117,1,2,REVERSO,6606,4540,QUE,VENTANILLA
936,38,372,2,8,CARGO COMISION,1311,2055,QUE,AGENTE
937,58,446,2,5,DESEMBOLSO,8024,5540,QUE,AGENTE
938,23,214,3,4,REVERSO,9291,9913,QUE,APP
939,29,325,2,9,ABONO,8182,1134,QUE,CAJERO
940,98,328,1,3,PAGO INTERES,9991,3218,QUE,VENTANILLA
941,84,66,2,5,REVERSO,3607,2939,QUE,CAJERO
942,12,9,1,6,REVERSO,8234,9653,QUE,APP
943,67,253,3,10,DESEMBOLSO,5433,6253,QUE,AGENTE
944,100,118,1,1,REVERSO,8625,7153,QUE,ONLINE
945,57,165,2,8,CARGO COMISION,4305,3483,QUE,VENTANILLA
946,64,69,1,7,ABONO,2270,8843,QUE,ONLINE
947,6,500,2,3,CARGO COMISION,7341,7167,QUE,AGENTE
948,14,478,3,5,DESEMBOLSO,7692,3449,QUE,CAJERO
949,44,292,2,10,CARGO COMISION,170,7515,QUE,APP
950,75,384,3,3,PAGO INTERES,4385,9535,QUE,ONLINE
951,81,379,3,6,CARGO COMISION,1372,9000,QUE,CAJERO
952,10,315,2,8,DESEMBOLSO,5575,7887,QUE,AGENTE
953,19,283,2,6,DESEMBOLSO,2049,748,QUE,ONLINE
954,53,97,1,4,CARGO COMISION,9446,4955,QUE,ONLINE
955,7,305,3,7,REVERSO,7740,4946,QUE,VENTANILLA
956,41,204,2,9,DESEMBOLSO,5140,3858,QUE,VENTANILLA
957,91,410,3,2,DESEMBOLSO,7628,6767,QUE,CAJERO
958,65,8,1,10,ABONO,9441,5425,QUE,CAJERO
959,32,129,2,3,REVERSO,6807,8766,QUE,VENTANILLA
960,87,307,3,2,REVERSO,3275,9681,QUE,AGENTE
961,42,227,2,7,PAGO INTERES,2931,7402,QUE,VENTANILLA
962,2,371,1,1,DESEMBOLSO,1103,2683,QUE,ONLINE
963,93,333,2,5,DESEMBOLSO,8996,2951,QUE,CAJERO
964,6,252,3,6,REVERSO,3575,7398,QUE,ONLINE
965,62,234,1,10,ABONO,465,5748,QUE,APP
966,85,282,1,6,ABONO,5547,4829,QUE,AGENTE
967,29,244,2,1,REVERSO,9918,3788,QUE,ONLINE
968,18,357,3,4,REVERSO,251,8346,QUE,CAJERO
969,17,354,3,2,DESEMBOLSO,5051,2940,QUE,APP
970,69,26,2,5,DESEMBOLSO,2272,9861,QUE,CAJERO
971,66,468,3,4,ABONO,8066,5501,QUE,ONLINE
972,75,476,1,7,PAGO INTERES,7447,8710,QUE,VENTANILLA
973,76,213,1,8,REVERSO,209,8634,QUE,CAJERO
974,98,477,2,8,REVERSO,8671,8396,QUE,CAJERO
975,5,209,3,4,ABONO,7721,4773,QUE,ONLINE
976,37,22,3,2,REVERSO,1984,9661,QUE,VENTANILLA
977,8,412,3,8,DESEMBOLSO,4830,9904,QUE,ONLINE
978,92,113,1,5,REVERSO,1774,9257,QUE,CAJERO
979,14,422,1,2,CARGO COMISION,5259,9765,QUE,AGENTE
980,18,497,3,1,REVERSO,3570,2812,QUE,VENTANILLA
981,3,92,2,5,PAGO INTERES,7037,7777,QUE,AGENTE
982,2,188,1,7,DESEMBOLSO,1234,6748,QUE,APP
983,12,137,1,5,DESEMBOLSO,7184,7203,QUE,ONLINE
984,83,420,3,6,PAGO INTERES,3063,1506,QUE,CAJERO
985,43,92,3,7,PAGO INTERES,9536,9411,QUE,APP
986,53,471,3,6,CARGO COMISION,8591,376,QUE,CAJERO
987,5,423,2,10,REVERSO,4815,8358,QUE,APP
988,94,102,1,4,PAGO INTERES,9931,4517,QUE,ONLINE
989,65,351,1,10,REVERSO,6695,782,QUE,VENTANILLA
990,100,335,2,1,CARGO COMISION,5998,9830,QUE,CAJERO
991,1,105,2,5,ABONO,6186,9671,QUE,CAJERO
992,21,39,2,3,REVERSO,874,1885,QUE,VENTANILLA
993,16,187,2,1,CARGO COMISION,3147,8778,QUE,CAJERO
994,5,389,2,2,DESEMBOLSO,217,1048,QUE,ONLINE
995,95,165,3,6,DESEMBOLSO,8612,9947,QUE,APP
996,55,159,1,2,DESEMBOLSO,1380,8045,QUE,AGENTE
997,66,425,1,7,REVERSO,4563,3411,QUE,ONLINE
998,92,266,2,8,PAGO INTERES,6463,5367,QUE,VENTANILLA
999,14,295,2,8,CARGO COMISION,576,3490,QUE,CAJERO
1000,40,216,1,4,DESEMBOLSO,6409,7140,QUE,CAJERO
