evaluacion_skey,fecha_evaluacion_skey,cliente_skey,producto_skey,modelo_skey,score,prob_default,evaluador,observaciones,accion_recomendada
1,64,367,3,2,732.1,0.889,Reggi Eastham,BUEN HISTORIAL,RECHAZAR
2,90,442,1,3,361.7,0.75,Cherie Longbone,BUEN HISTORIAL,REVISAR MANUAL
3,50,426,1,4,833.53,0.119,Hillard O'Feeny,BUEN HISTORIAL,APROBAR
4,56,329,1,4,589.95,0.705,Sadye Yard,CLIENTE NUEVO,RECHAZAR
5,10,46,2,3,381.38,0.411,Skip Broschke,BUEN HISTORIAL,APROBAR
6,58,36,3,3,604.23,0.386,Sandye Redding,CLIENTE NUEVO,REVISAR MANUAL
7,38,192,3,2,349.96,0.464,Clyde Scoggans,CLIENTE NUEVO,REVISAR MANUAL
8,15,247,1,2,576.15,0.981,Lilas Scothorn,CLIENTE NUEVO,APROBAR
9,21,190,2,3,824.56,0.185,Marni Down,CLIENTE NUEVO,REVISAR MANUAL
10,5,348,2,2,453.24,0.656,Ardath Peller,CLIENTE NUEVO,RECHAZAR
11,12,45,1,4,355.27,0.824,Maximilian Southey,CLIENTE NUEVO,APROBAR
12,30,1,3,1,515.58,0.565,Ninon Dury,BUEN HISTORIAL,REVISAR MANUAL
13,23,363,1,4,778.19,0.292,Kean Poundsford,BUEN HISTORIAL,APROBAR
14,87,357,2,3,504.73,0.47,Meagan Catherick,BUEN HISTORIAL,APROBAR
15,100,127,3,2,595.86,0.4,Colan Spindler,CLIENTE NUEVO,RECHAZAR
16,72,59,3,2,679.94,0.271,Darleen Lezemere,BUEN HISTORIAL,APROBAR
17,51,421,2,4,518.02,0.758,Windy Frary,RIESGO ALTO,APROBAR
18,11,278,1,3,372.29,0.018,Jemimah Leftly,RIESGO ALTO,REVISAR MANUAL
19,13,4,1,2,409.79,0.565,Audi Bissatt,BUEN HISTORIAL,REVISAR MANUAL
20,75,473,3,2,602.09,0.79,Wilona Caitlin,RIESGO ALTO,APROBAR
21,80,49,1,4,397.57,0.164,Jennee Fiander,RIESGO ALTO,APROBAR
22,95,277,1,1,768.42,0.072,Barton Alexandersen,CLIENTE NUEVO,REVISAR MANUAL
23,67,209,1,2,750.42,0.442,Gloria O'Hara,CLIENTE NUEVO,APROBAR
24,40,464,2,2,494.03,0.541,Talia Skill,CLIENTE NUEVO,REVISAR MANUAL
25,58,150,2,3,470.2,0.106,Arlin Reck,CLIENTE NUEVO,RECHAZAR
26,11,389,2,4,567.25,0.077,Gabbi Brandrick,RIESGO ALTO,RECHAZAR
27,35,282,1,1,584.89,0.652,Phillipe Rilton,RIESGO ALTO,APROBAR
28,66,344,3,4,461.88,0.947,Stafford Weatherhogg,BUEN HISTORIAL,APROBAR
29,81,235,2,3,692.22,0.469,Dorris Drewitt,CLIENTE NUEVO,APROBAR
30,1,160,2,2,656.24,0.517,Zaccaria Piquard,RIESGO ALTO,APROBAR
31,41,79,1,4,612.32,0.059,Letty Ronan,CLIENTE NUEVO,RECHAZAR
32,49,113,3,2,642.8,0.609,Alaster Freyne,BUEN HISTORIAL,REVISAR MANUAL
33,71,458,2,4,724.37,0.151,Terza MacCulloch,CLIENTE NUEVO,APROBAR
34,75,103,1,4,532.19,0.956,Drake Blenkharn,RIESGO ALTO,REVISAR MANUAL
35,16,290,2,3,334.74,0.965,Dollie Arnaez,CLIENTE NUEVO,APROBAR
36,54,102,1,4,847.13,0.07,Tina Causier,RIESGO ALTO,RECHAZAR
37,21,106,1,1,841.4,0.499,Ethelin Boxall,RIESGO ALTO,APROBAR
38,1,133,2,1,732.45,0.637,Yancy Kemp,RIESGO ALTO,APROBAR
39,67,328,3,1,514.9,0.455,Terrel Oldred,BUEN HISTORIAL,RECHAZAR
40,20,345,3,1,547.62,0.319,Cathie Trevor,RIESGO ALTO,RECHAZAR
41,90,446,1,3,625.55,0.478,Delly Miquelet,BUEN HISTORIAL,APROBAR
42,85,186,2,2,712.93,0.711,Sollie Budgen,BUEN HISTORIAL,RECHAZAR
43,43,375,1,1,448.42,0.188,Cortney Thackray,RIESGO ALTO,REVISAR MANUAL
44,10,112,3,4,365.42,0.018,Barbabra Patchett,CLIENTE NUEVO,APROBAR
45,84,330,3,4,354.12,0.633,Emmott Kollach,CLIENTE NUEVO,RECHAZAR
46,1,319,1,1,843.67,0.129,Kathe Drohane,RIESGO ALTO,REVISAR MANUAL
47,81,253,2,1,559.06,0.086,Myrilla Swatman,CLIENTE NUEVO,RECHAZAR
48,25,308,3,3,806.45,0.177,Ebeneser Wash,CLIENTE NUEVO,APROBAR
49,64,264,2,2,422.12,0.626,Robinetta Creagh,RIESGO ALTO,REVISAR MANUAL
50,24,353,3,1,790.0,0.063,Cassi Totman,CLIENTE NUEVO,REVISAR MANUAL
51,9,231,3,4,351.2,0.438,Ulrika Tickel,RIESGO ALTO,APROBAR
52,23,423,3,3,389.35,0.946,Marie Finlry,CLIENTE NUEVO,REVISAR MANUAL
53,60,95,1,2,447.99,0.011,Kayla Rennocks,CLIENTE NUEVO,RECHAZAR
54,91,227,1,3,518.98,0.995,Arabella Aronov,CLIENTE NUEVO,RECHAZAR
55,10,185,1,4,404.17,0.524,Lotty MacCaghan,CLIENTE NUEVO,REVISAR MANUAL
56,51,221,3,2,754.87,0.773,Alane MacMechan,BUEN HISTORIAL,REVISAR MANUAL
57,46,9,2,3,336.31,0.27,Christabella Doumerc,CLIENTE NUEVO,RECHAZAR
58,75,190,1,1,436.63,0.367,Freedman Golborne,RIESGO ALTO,REVISAR MANUAL
59,53,433,2,4,502.8,0.276,Laurette Benyon,BUEN HISTORIAL,APROBAR
60,13,400,2,4,829.53,0.547,Modestine Castle,CLIENTE NUEVO,REVISAR MANUAL
61,66,291,3,2,351.96,0.757,Joella Roome,BUEN HISTORIAL,APROBAR
62,96,289,3,4,541.6,0.565,Talbert Ballinger,BUEN HISTORIAL,REVISAR MANUAL
63,26,128,3,3,578.96,0.176,Corabel Pulsford,RIESGO ALTO,RECHAZAR
64,3,382,2,4,797.85,0.948,Jordana MacCostye,RIESGO ALTO,RECHAZAR
65,24,249,2,3,467.63,0.381,Gualterio Knipe,RIESGO ALTO,RECHAZAR
66,20,172,1,3,505.6,0.432,Dalli Rupke,CLIENTE NUEVO,APROBAR
67,92,92,2,1,478.98,0.806,Norine Strutt,BUEN HISTORIAL,APROBAR
68,80,427,3,1,396.96,0.604,Kenon Duprey,RIESGO ALTO,RECHAZAR
69,15,256,3,2,813.96,0.153,Aloysius Van den Bosch,CLIENTE NUEVO,APROBAR
70,5,350,1,3,444.49,0.02,Bekki Melan,BUEN HISTORIAL,APROBAR
71,16,329,3,4,445.34,0.543,Roxie Piniur,BUEN HISTORIAL,RECHAZAR
72,92,314,2,4,746.08,0.455,Godiva Ingamells,BUEN HISTORIAL,REVISAR MANUAL
73,86,274,2,3,412.51,0.6,Fancy By,RIESGO ALTO,APROBAR
74,31,495,2,4,428.53,0.349,Ali Langthorn,RIESGO ALTO,RECHAZAR
75,17,106,3,4,679.11,0.696,August Varley,RIESGO ALTO,APROBAR
76,67,261,3,1,457.83,0.868,Elihu Bessent,RIESGO ALTO,REVISAR MANUAL
77,1,469,1,1,469.41,0.852,Vina Batterbee,RIESGO ALTO,RECHAZAR
78,36,218,3,3,687.81,0.123,Stu Wailes,CLIENTE NUEVO,APROBAR
79,16,462,3,1,576.56,0.952,Chad Di Biagi,RIESGO ALTO,APROBAR
80,57,110,3,2,375.12,0.778,Charmian Bricknall,CLIENTE NUEVO,APROBAR
81,15,153,1,2,494.5,0.954,Reidar Ditchfield,BUEN HISTORIAL,APROBAR
82,3,29,3,3,496.92,0.751,Raphaela Chesney,RIESGO ALTO,REVISAR MANUAL
83,37,483,1,2,656.71,0.083,Gail Vassall,RIESGO ALTO,RECHAZAR
84,7,403,2,1,569.36,0.756,Jere Rattenberie,CLIENTE NUEVO,REVISAR MANUAL
85,43,361,2,1,576.04,0.941,Corena Ianinotti,RIESGO ALTO,REVISAR MANUAL
86,1,101,1,2,339.98,0.19,Pier Twiddell,CLIENTE NUEVO,RECHAZAR
87,56,204,1,4,531.07,0.611,Katie Haddleton,RIESGO ALTO,RECHAZAR
88,11,452,2,4,796.88,0.955,Tory Cawsy,CLIENTE NUEVO,APROBAR
89,66,449,2,2,367.14,0.728,Jacquette Koenraad,BUEN HISTORIAL,APROBAR
90,36,471,2,2,712.73,0.856,Hercule Vasishchev,RIESGO ALTO,RECHAZAR
91,57,165,3,4,636.77,0.938,Tan Quinby,BUEN HISTORIAL,RECHAZAR
92,4,54,2,3,487.86,0.39,Abdel Buist,BUEN HISTORIAL,APROBAR
93,50,32,3,1,830.09,0.206,Giacopo Josephs,CLIENTE NUEVO,RECHAZAR
94,87,422,3,3,719.52,0.478,Brigg Crosskill,BUEN HISTORIAL,RECHAZAR
95,11,166,3,3,764.34,0.128,Ruby Worrill,CLIENTE NUEVO,RECHAZAR
96,32,170,1,2,718.96,0.315,Pierette Readmire,CLIENTE NUEVO,APROBAR
97,41,319,3,3,503.16,0.341,Adina Congrave,BUEN HISTORIAL,REVISAR MANUAL
98,26,327,1,4,776.22,0.893,Kathi Polding,RIESGO ALTO,RECHAZAR
99,51,351,1,2,625.6,0.464,Flo Buckley,CLIENTE NUEVO,RECHAZAR
100,54,407,3,1,735.6,0.838,Brenden Keedwell,BUEN HISTORIAL,APROBAR
101,53,307,1,3,567.8,0.85,Eloise Reicherz,RIESGO ALTO,APROBAR
102,38,13,3,1,693.83,0.636,Trumann Bouette,CLIENTE NUEVO,RECHAZAR
103,2,18,2,3,612.79,0.545,Annabal Donohue,BUEN HISTORIAL,REVISAR MANUAL
104,42,146,3,2,396.91,0.89,Corliss Loney,RIESGO ALTO,REVISAR MANUAL
105,64,329,1,1,561.09,0.9,Audrey deKnevet,BUEN HISTORIAL,REVISAR MANUAL
106,85,22,2,4,752.54,0.6,Barbe Hayball,BUEN HISTORIAL,APROBAR
107,55,156,2,4,470.62,0.085,Davie Arrigo,RIESGO ALTO,RECHAZAR
108,43,213,2,4,490.02,0.605,Dalia Lockie,CLIENTE NUEVO,RECHAZAR
109,35,281,1,4,810.29,0.725,Gerrilee Forre,BUEN HISTORIAL,APROBAR
110,57,394,2,4,449.66,0.587,Vern Mapholm,RIESGO ALTO,APROBAR
111,89,171,3,1,787.09,0.405,Terese Glaysher,CLIENTE NUEVO,REVISAR MANUAL
112,96,347,3,4,742.19,0.913,Lizabeth Chisnall,CLIENTE NUEVO,REVISAR MANUAL
113,42,448,2,2,659.35,0.452,Had Durrance,BUEN HISTORIAL,REVISAR MANUAL
114,96,187,3,4,424.95,0.041,Alessandra Von Helmholtz,CLIENTE NUEVO,APROBAR
115,36,32,2,3,638.83,0.178,Alwin Toler,CLIENTE NUEVO,RECHAZAR
116,80,118,1,3,509.45,0.262,Jobie Kiraly,BUEN HISTORIAL,REVISAR MANUAL
117,56,103,2,4,582.2,0.196,Findley Hambridge,BUEN HISTORIAL,REVISAR MANUAL
118,55,291,3,4,802.08,0.227,Othilie Birkenhead,CLIENTE NUEVO,APROBAR
119,62,196,2,4,462.67,0.042,Imogene Dechelette,CLIENTE NUEVO,APROBAR
120,30,378,3,2,619.12,0.0,Anastasie Torn,CLIENTE NUEVO,APROBAR
121,4,49,1,2,741.39,0.001,Zonnya Bucknell,CLIENTE NUEVO,APROBAR
122,85,278,3,2,571.87,0.77,Mora Yuranovev,CLIENTE NUEVO,RECHAZAR
123,90,406,3,3,382.53,0.841,Merle Cattemull,BUEN HISTORIAL,APROBAR
124,40,20,2,4,479.67,0.127,Shoshana Balle,CLIENTE NUEVO,APROBAR
125,31,338,1,1,412.66,0.249,Normie Conkey,CLIENTE NUEVO,APROBAR
126,20,285,3,3,470.6,0.148,Brock Danelutti,BUEN HISTORIAL,REVISAR MANUAL
127,41,25,1,4,617.53,0.637,Tadeo Legion,BUEN HISTORIAL,APROBAR
128,72,447,1,2,399.28,0.812,Eddi Pfleger,RIESGO ALTO,APROBAR
129,4,331,2,3,666.8,0.235,Nichole Espley,RIESGO ALTO,RECHAZAR
130,32,229,3,3,783.88,0.308,Court Lacase,RIESGO ALTO,RECHAZAR
131,43,423,1,4,552.06,0.028,Sid Raikes,RIESGO ALTO,APROBAR
132,23,115,2,3,595.87,0.959,Steffi Dicky,CLIENTE NUEVO,REVISAR MANUAL
133,13,415,1,1,644.51,0.367,Jodee Powley,CLIENTE NUEVO,RECHAZAR
134,13,468,1,3,444.7,0.593,Hendrik Egginson,CLIENTE NUEVO,REVISAR MANUAL
135,30,84,2,2,377.41,0.942,Brig Hopkyns,BUEN HISTORIAL,APROBAR
136,91,453,3,2,317.71,0.746,Leola Blyde,CLIENTE NUEVO,RECHAZAR
137,16,51,2,2,449.4,0.007,Aida todor,BUEN HISTORIAL,REVISAR MANUAL
138,81,331,2,3,513.99,0.512,Marylinda Follows,CLIENTE NUEVO,REVISAR MANUAL
139,3,64,2,4,556.29,0.199,Dorelia Cloutt,BUEN HISTORIAL,APROBAR
140,49,436,1,2,497.2,0.507,Agnese Bankhurst,CLIENTE NUEVO,REVISAR MANUAL
141,93,330,1,2,581.46,0.417,Mylo Roder,RIESGO ALTO,RECHAZAR
142,56,185,1,1,609.83,0.265,Giselle Vivian,RIESGO ALTO,RECHAZAR
143,23,296,2,3,384.93,0.02,Benedicto De Bruyn,RIESGO ALTO,RECHAZAR
144,85,7,3,1,830.11,0.725,Drucie Celler,BUEN HISTORIAL,APROBAR
145,41,107,1,2,710.06,0.145,Nina Truesdale,CLIENTE NUEVO,REVISAR MANUAL
146,35,69,3,2,454.36,0.294,Marigold Lytle,BUEN HISTORIAL,REVISAR MANUAL
147,95,417,3,3,777.02,0.567,Gizela Orgee,RIESGO ALTO,REVISAR MANUAL
148,89,329,3,2,487.49,0.644,Lazaro Foulger,BUEN HISTORIAL,REVISAR MANUAL
149,67,99,1,3,704.22,0.323,Loni Fairebrother,RIESGO ALTO,APROBAR
150,44,436,1,3,728.75,0.712,Mabel Dibling,BUEN HISTORIAL,REVISAR MANUAL
151,40,106,2,2,569.05,0.404,Daffie Masser,CLIENTE NUEVO,RECHAZAR
152,65,299,2,4,635.13,0.294,Saunderson Stratley,RIESGO ALTO,RECHAZAR
153,21,328,2,1,327.67,0.708,Dniren Saffle,RIESGO ALTO,APROBAR
154,83,376,2,2,432.97,0.996,Kalindi Pennigar,BUEN HISTORIAL,RECHAZAR
155,5,98,3,1,659.2,0.71,Jock Pilfold,CLIENTE NUEVO,REVISAR MANUAL
156,95,120,2,1,546.64,0.168,Humfried Gilliam,RIESGO ALTO,APROBAR
157,30,193,1,1,309.96,0.655,Lacie Lenoir,RIESGO ALTO,REVISAR MANUAL
158,54,131,1,2,351.51,0.678,Kiersten Penk,CLIENTE NUEVO,APROBAR
159,58,358,2,4,407.55,0.825,Constantin Bacon,RIESGO ALTO,APROBAR
160,18,136,2,1,353.96,0.592,Sofie Itzakovitz,RIESGO ALTO,REVISAR MANUAL
161,57,210,1,4,821.31,0.093,Northrop Hearsey,CLIENTE NUEVO,RECHAZAR
162,94,470,1,4,515.59,0.621,Guy Raye,BUEN HISTORIAL,REVISAR MANUAL
163,20,109,2,4,552.89,0.402,Townie Mandifield,CLIENTE NUEVO,APROBAR
164,40,486,1,4,686.07,0.728,Rockey Lacer,CLIENTE NUEVO,RECHAZAR
165,35,32,3,2,427.24,0.349,Egbert Pedrick,CLIENTE NUEVO,RECHAZAR
166,73,298,3,1,676.53,0.069,Jodi Pellingar,RIESGO ALTO,RECHAZAR
167,37,238,1,1,758.37,0.599,Duff Stoppe,RIESGO ALTO,RECHAZAR
168,66,101,2,2,399.0,0.97,Mariam Waumsley,BUEN HISTORIAL,RECHAZAR
169,29,402,1,3,510.3,0.639,Jo Mumford,CLIENTE NUEVO,REVISAR MANUAL
170,52,154,2,1,463.09,0.75,Vonny Swetman,BUEN HISTORIAL,REVISAR MANUAL
171,90,309,1,4,586.2,0.386,Homerus Walworth,BUEN HISTORIAL,REVISAR MANUAL
172,89,304,2,4,370.72,0.766,Aldous O'Dea,RIESGO ALTO,APROBAR
173,85,140,2,3,719.76,0.576,Wanda Jeanon,RIESGO ALTO,RECHAZAR
174,77,49,3,1,559.08,0.867,Celka Vedeshkin,BUEN HISTORIAL,RECHAZAR
175,46,121,2,2,645.29,0.525,Adda Haizelden,RIESGO ALTO,APROBAR
176,16,378,3,2,818.88,0.567,Nathaniel Papes,BUEN HISTORIAL,APROBAR
177,24,38,2,2,416.4,0.321,Aurelia Clemot,BUEN HISTORIAL,RECHAZAR
178,45,376,2,2,400.16,0.876,Aime Lumsdaine,RIESGO ALTO,APROBAR
179,87,271,1,4,791.46,0.687,Cindi Parlott,RIESGO ALTO,RECHAZAR
180,17,179,1,1,426.97,0.586,Merwin Simmance,BUEN HISTORIAL,RECHAZAR
181,54,105,1,4,323.09,0.903,Shandeigh Fetteplace,BUEN HISTORIAL,REVISAR MANUAL
182,10,341,3,3,300.47,0.209,Bette Curson,RIESGO ALTO,APROBAR
183,57,218,3,4,541.73,0.954,Anna Barok,RIESGO ALTO,REVISAR MANUAL
184,56,211,1,2,508.24,0.079,Noel England,CLIENTE NUEVO,RECHAZAR
185,41,301,1,4,665.26,0.38,Hamil Heggie,BUEN HISTORIAL,RECHAZAR
186,64,282,1,1,787.58,0.865,Carole Dimblebee,RIESGO ALTO,APROBAR
187,51,401,3,2,629.67,0.255,Bertrando Joannic,RIESGO ALTO,RECHAZAR
188,87,387,3,1,426.56,0.585,Brenna McGray,CLIENTE NUEVO,RECHAZAR
189,43,147,2,4,327.71,0.868,Malissia Prowting,BUEN HISTORIAL,RECHAZAR
190,64,329,1,3,410.48,0.84,Keeley Seleway,BUEN HISTORIAL,APROBAR
191,93,99,2,3,719.31,0.173,Shela Van de Vlies,RIESGO ALTO,REVISAR MANUAL
192,50,292,1,3,463.69,0.723,Lucine Pellatt,BUEN HISTORIAL,APROBAR
193,15,423,3,2,556.92,0.715,Boyce Simionescu,RIESGO ALTO,RECHAZAR
194,73,420,1,1,428.28,0.095,Alair Palk,BUEN HISTORIAL,REVISAR MANUAL
195,75,217,3,2,619.69,0.152,Andeee Watkinson,RIESGO ALTO,REVISAR MANUAL
196,92,96,2,1,747.56,0.565,Peter Benesevich,CLIENTE NUEVO,APROBAR
197,67,17,1,3,432.62,0.071,Westleigh Glanvill,CLIENTE NUEVO,RECHAZAR
198,91,326,2,2,707.4,0.435,George Tassell,RIESGO ALTO,RECHAZAR
199,41,420,2,3,556.94,0.892,Spike Blaase,BUEN HISTORIAL,RECHAZAR
200,24,118,2,3,419.0,0.158,Jo MacElharge,RIESGO ALTO,REVISAR MANUAL
201,57,229,3,3,828.87,0.385,Kasper Veregan,BUEN HISTORIAL,APROBAR
202,40,315,3,1,631.01,0.472,Kristina Moncarr,RIESGO ALTO,RECHAZAR
203,18,129,2,4,407.12,0.64,Anders Astbury,CLIENTE NUEVO,APROBAR
204,71,357,2,3,318.93,0.828,Gregorius Gare,BUEN HISTORIAL,REVISAR MANUAL
205,97,297,1,4,322.7,0.893,Nyssa Giurio,CLIENTE NUEVO,RECHAZAR
206,31,117,2,2,784.26,0.863,Adorne Cervantes,RIESGO ALTO,RECHAZAR
207,14,195,3,2,699.6,0.308,Cy Dobel,BUEN HISTORIAL,REVISAR MANUAL
208,64,448,2,1,667.2,0.343,Alanna Kildea,BUEN HISTORIAL,REVISAR MANUAL
209,31,257,3,3,599.61,0.437,Rose Eallis,RIESGO ALTO,REVISAR MANUAL
210,89,405,1,1,746.23,0.31,Sheilah Pimlett,CLIENTE NUEVO,RECHAZAR
211,96,114,2,1,552.99,0.526,Shauna Dungey,RIESGO ALTO,RECHAZAR
212,30,486,3,4,643.94,0.295,Alonso Graddon,RIESGO ALTO,APROBAR
213,15,486,3,1,484.81,0.176,Jonis Becket,BUEN HISTORIAL,REVISAR MANUAL
214,98,400,1,1,310.28,0.405,Ruthie Cowden,BUEN HISTORIAL,RECHAZAR
215,18,351,2,2,604.45,0.388,Gare Laird,RIESGO ALTO,REVISAR MANUAL
216,53,488,2,4,333.94,0.186,Missie Nicholl,BUEN HISTORIAL,REVISAR MANUAL
217,56,156,3,3,733.2,0.664,Marianna Drance,BUEN HISTORIAL,APROBAR
218,86,434,3,1,316.92,0.297,Gustie Crookall,CLIENTE NUEVO,APROBAR
219,73,285,3,1,463.14,0.142,Robinetta Halvosen,BUEN HISTORIAL,APROBAR
220,56,174,1,4,627.22,0.103,Jeni McIleen,CLIENTE NUEVO,APROBAR
221,98,13,3,2,643.1,0.849,Adora Pardal,CLIENTE NUEVO,APROBAR
222,40,39,2,1,679.49,0.245,Brocky Gero,CLIENTE NUEVO,RECHAZAR
223,94,406,1,3,494.29,0.424,Abagail Dighton,BUEN HISTORIAL,APROBAR
224,63,23,2,2,624.13,0.093,Sigismundo Pallesen,BUEN HISTORIAL,REVISAR MANUAL
225,81,281,1,1,510.5,0.328,Nerita Ollerearnshaw,BUEN HISTORIAL,RECHAZAR
226,52,357,2,2,660.01,0.433,Remus Gregoraci,RIESGO ALTO,REVISAR MANUAL
227,95,414,2,4,414.24,0.097,Hugibert Manger,BUEN HISTORIAL,APROBAR
228,91,280,2,1,432.03,0.522,Stanley Shrubb,CLIENTE NUEVO,APROBAR
229,80,25,1,2,384.15,0.488,Eadith Morville,BUEN HISTORIAL,REVISAR MANUAL
230,36,104,2,2,573.82,0.054,Hilton Winchurst,CLIENTE NUEVO,RECHAZAR
231,1,130,1,3,503.12,0.522,Aarika Rasch,BUEN HISTORIAL,RECHAZAR
232,94,173,2,2,306.71,0.853,Annetta Bullers,RIESGO ALTO,REVISAR MANUAL
233,9,290,3,2,397.85,0.438,Concordia Dearsley,BUEN HISTORIAL,APROBAR
234,40,204,3,2,683.04,0.278,Dolf Camacke,BUEN HISTORIAL,REVISAR MANUAL
235,90,359,1,2,621.87,0.067,Giovanni Konerding,RIESGO ALTO,APROBAR
236,93,492,1,4,426.14,0.372,Karyl Smetoun,RIESGO ALTO,APROBAR
237,58,285,3,2,788.07,0.41,Archibaldo Doogue,RIESGO ALTO,RECHAZAR
238,98,256,1,4,603.62,0.783,Eva Grigorian,BUEN HISTORIAL,APROBAR
239,50,419,1,4,483.34,0.09,Osbert Moisey,BUEN HISTORIAL,RECHAZAR
240,50,407,1,4,536.67,0.11,Sterne Merle,BUEN HISTORIAL,RECHAZAR
241,76,158,3,3,674.93,0.982,Milli Robez,RIESGO ALTO,REVISAR MANUAL
242,8,250,1,3,774.51,0.141,Veronike Jedrysik,CLIENTE NUEVO,REVISAR MANUAL
243,69,434,2,4,843.92,0.413,Horatius Dufaire,BUEN HISTORIAL,APROBAR
244,89,24,3,1,793.8,0.218,Atlante O'Flynn,RIESGO ALTO,RECHAZAR
245,60,406,1,4,334.82,0.275,Melanie Gert,CLIENTE NUEVO,RECHAZAR
246,69,304,1,2,613.58,0.399,Fidela Hornbuckle,RIESGO ALTO,REVISAR MANUAL
247,27,494,3,1,475.53,0.795,Genni Klos,CLIENTE NUEVO,APROBAR
248,38,198,2,3,325.01,0.233,Anabel Cane,RIESGO ALTO,REVISAR MANUAL
249,57,263,1,2,779.92,0.944,Rachel Miall,CLIENTE NUEVO,REVISAR MANUAL
250,35,150,1,4,560.46,0.992,Bondon Winterborne,BUEN HISTORIAL,REVISAR MANUAL
251,9,321,1,3,842.27,0.53,Marwin Spurgin,RIESGO ALTO,RECHAZAR
252,88,397,2,3,589.82,0.829,Iver Deluca,CLIENTE NUEVO,REVISAR MANUAL
253,2,475,2,4,649.64,0.32,Lois Laister,RIESGO ALTO,APROBAR
254,41,476,2,2,537.96,0.346,Ina Kauble,CLIENTE NUEVO,APROBAR
255,31,232,3,1,774.62,0.756,Gennifer Whitlow,BUEN HISTORIAL,REVISAR MANUAL
256,45,221,2,3,724.22,0.786,Salomone Towns,CLIENTE NUEVO,RECHAZAR
257,11,66,2,1,549.34,0.361,Seward McKerrow,BUEN HISTORIAL,REVISAR MANUAL
258,8,366,2,4,702.2,0.132,Yasmeen Blything,CLIENTE NUEVO,RECHAZAR
259,97,305,3,2,625.24,0.795,Kerry Hyatt,CLIENTE NUEVO,APROBAR
260,29,39,3,3,473.9,0.874,Carlynne Genicke,CLIENTE NUEVO,REVISAR MANUAL
261,13,275,1,2,532.27,0.176,Tyson Giacomoni,BUEN HISTORIAL,REVISAR MANUAL
262,80,387,3,1,602.55,0.453,Atlante Kenlin,CLIENTE NUEVO,RECHAZAR
263,1,68,2,2,703.13,0.092,Maximilian Knee,CLIENTE NUEVO,APROBAR
264,20,350,2,3,470.33,0.604,Juliann Chesterton,BUEN HISTORIAL,REVISAR MANUAL
265,26,394,2,3,714.07,0.802,Lion Normansell,CLIENTE NUEVO,REVISAR MANUAL
266,49,289,1,3,484.98,0.084,Beniamino Flook,CLIENTE NUEVO,RECHAZAR
267,63,159,3,2,654.61,0.843,Steffie Trathan,RIESGO ALTO,APROBAR
268,29,29,3,3,509.24,0.095,Glynnis Sibbet,CLIENTE NUEVO,RECHAZAR
269,87,45,2,2,793.6,0.109,Berkeley Frizzell,BUEN HISTORIAL,RECHAZAR
270,91,3,2,1,578.76,0.132,Kendra Corish,CLIENTE NUEVO,RECHAZAR
271,95,156,2,1,782.78,0.342,Gabbi Steven,RIESGO ALTO,RECHAZAR
272,20,464,3,4,807.55,0.168,Dukie Dossantos,BUEN HISTORIAL,RECHAZAR
273,15,469,2,2,690.18,0.373,Gasparo Wield,RIESGO ALTO,APROBAR
274,76,122,1,2,776.17,0.597,Luciano Janacek,BUEN HISTORIAL,REVISAR MANUAL
275,64,97,3,3,558.11,0.875,Ludvig Brettell,BUEN HISTORIAL,RECHAZAR
276,4,61,2,3,593.99,0.144,Ebba Swinley,CLIENTE NUEVO,RECHAZAR
277,18,265,3,4,311.28,0.434,Frederique Essam,BUEN HISTORIAL,REVISAR MANUAL
278,5,403,3,3,526.48,0.721,Tannie Battill,RIESGO ALTO,RECHAZAR
279,67,495,1,4,795.17,0.504,Engelbert Bartoszewski,RIESGO ALTO,APROBAR
280,31,343,1,3,753.67,0.337,Shana Moat,RIESGO ALTO,RECHAZAR
281,71,424,2,1,723.31,0.113,Poppy Fardo,RIESGO ALTO,RECHAZAR
282,89,496,1,4,564.97,0.687,Crosby Stockney,BUEN HISTORIAL,APROBAR
283,41,431,2,4,685.83,0.078,Ara Gleeson,BUEN HISTORIAL,REVISAR MANUAL
284,64,91,3,1,838.85,0.503,Agna Leaton,CLIENTE NUEVO,REVISAR MANUAL
285,69,271,3,2,447.68,0.23,Amabelle Storre,RIESGO ALTO,REVISAR MANUAL
286,10,269,1,3,598.27,0.769,Cassaundra Van Hesteren,CLIENTE NUEVO,RECHAZAR
287,91,160,1,1,515.05,0.829,Mattias Foulser,CLIENTE NUEVO,REVISAR MANUAL
288,94,95,3,4,533.72,0.518,Amie O'dell,RIESGO ALTO,REVISAR MANUAL
289,7,309,2,2,417.16,0.674,Benyamin Charley,BUEN HISTORIAL,REVISAR MANUAL
290,6,365,1,4,751.89,0.15,Cyrus Traske,RIESGO ALTO,APROBAR
291,35,138,1,3,728.06,0.768,Crosby Aitken,BUEN HISTORIAL,RECHAZAR
292,15,118,2,3,424.75,0.754,Brett Frane,CLIENTE NUEVO,RECHAZAR
293,26,276,2,4,616.48,0.337,Filbert Yankin,CLIENTE NUEVO,RECHAZAR
294,16,431,2,2,404.05,0.77,Victoir Hightown,BUEN HISTORIAL,REVISAR MANUAL
295,66,178,3,4,489.05,0.487,Roselia MacScherie,BUEN HISTORIAL,APROBAR
296,66,489,3,2,353.98,0.097,Heidie Paule,RIESGO ALTO,REVISAR MANUAL
297,34,493,1,4,727.83,0.02,Zeke Bulluck,CLIENTE NUEVO,REVISAR MANUAL
298,89,448,2,1,652.36,0.925,Orion Storcke,BUEN HISTORIAL,RECHAZAR
299,17,62,3,2,456.02,0.069,Matty Ganter,RIESGO ALTO,RECHAZAR
300,89,391,3,2,717.36,0.678,Edie Fitkin,BUEN HISTORIAL,APROBAR
301,69,426,3,4,672.67,0.237,Sindee Quinney,BUEN HISTORIAL,APROBAR
302,93,383,1,2,463.4,0.126,Celka Marchment,CLIENTE NUEVO,RECHAZAR
303,75,292,1,1,452.11,0.663,Quentin Swannell,CLIENTE NUEVO,RECHAZAR
304,53,11,2,4,463.82,0.359,Catie McCartan,RIESGO ALTO,REVISAR MANUAL
305,46,181,2,3,604.21,0.528,Elijah Braunthal,RIESGO ALTO,REVISAR MANUAL
306,80,149,2,3,650.67,0.188,Valaria Hethron,CLIENTE NUEVO,APROBAR
307,46,309,1,3,807.91,0.118,Kaspar Lowell,BUEN HISTORIAL,REVISAR MANUAL
308,38,133,3,3,770.35,0.127,Hoebart Freer,CLIENTE NUEVO,REVISAR MANUAL
309,49,312,2,2,560.15,0.399,Jakie Scanderet,RIESGO ALTO,APROBAR
310,84,499,1,4,410.86,0.333,Camellia Henriques,RIESGO ALTO,REVISAR MANUAL
311,67,309,3,2,484.95,0.632,Clark Bugg,BUEN HISTORIAL,REVISAR MANUAL
312,83,27,3,1,533.21,0.635,Richy Malcolm,RIESGO ALTO,RECHAZAR
313,97,223,1,4,441.37,0.42,Dorothea Kleeborn,CLIENTE NUEVO,RECHAZAR
314,19,238,1,3,713.12,0.621,Ronnie Tregona,BUEN HISTORIAL,APROBAR
315,41,25,3,4,473.57,0.005,Mickey Bark,CLIENTE NUEVO,RECHAZAR
316,60,301,1,4,794.63,0.126,Arlana Helkin,CLIENTE NUEVO,REVISAR MANUAL
317,44,22,1,3,364.56,0.175,Barthel Stonestreet,CLIENTE NUEVO,REVISAR MANUAL
318,19,140,1,1,489.4,0.029,Kris Bennion,BUEN HISTORIAL,REVISAR MANUAL
319,57,281,1,4,323.67,0.41,Joshua McGray,CLIENTE NUEVO,RECHAZAR
320,69,286,1,1,477.78,0.086,Corbett Radnage,BUEN HISTORIAL,RECHAZAR
321,98,395,1,4,792.63,0.908,Flossi Maddick,BUEN HISTORIAL,REVISAR MANUAL
322,25,134,3,3,455.78,0.884,Brennan Instrell,RIESGO ALTO,RECHAZAR
323,75,283,1,4,321.88,0.335,Sophey Bovis,BUEN HISTORIAL,RECHAZAR
324,9,21,2,3,628.35,0.678,Shelden Serrurier,BUEN HISTORIAL,RECHAZAR
325,17,472,3,3,496.38,0.77,Raddy McIndoe,BUEN HISTORIAL,RECHAZAR
326,16,207,1,4,719.08,0.892,Quint Zieme,RIESGO ALTO,APROBAR
327,3,60,2,2,360.06,0.459,Ahmed Ruberry,CLIENTE NUEVO,APROBAR
328,95,25,1,1,300.69,0.165,Virgilio Everett,RIESGO ALTO,APROBAR
329,71,320,1,1,342.01,0.776,Bernarr Syddon,RIESGO ALTO,RECHAZAR
330,98,216,2,3,348.19,0.42,Brander Brown,CLIENTE NUEVO,REVISAR MANUAL
331,20,264,1,3,571.4,0.312,Terrie Wharby,RIESGO ALTO,REVISAR MANUAL
332,31,152,3,3,713.61,0.551,Berta O'Shields,BUEN HISTORIAL,REVISAR MANUAL
333,94,372,1,2,720.49,0.489,Annelise Domone,RIESGO ALTO,RECHAZAR
334,60,316,2,3,747.58,0.629,Ardene Gladman,CLIENTE NUEVO,RECHAZAR
335,17,160,1,4,732.96,0.969,Anthea Hanssmann,CLIENTE NUEVO,RECHAZAR
336,27,306,2,4,376.28,0.982,Munmro Jaspar,BUEN HISTORIAL,APROBAR
337,19,153,1,2,457.2,0.699,Morlee Shrubshall,CLIENTE NUEVO,RECHAZAR
338,52,140,3,2,434.7,0.631,Monroe Poland,CLIENTE NUEVO,RECHAZAR
339,42,169,2,1,508.39,0.463,Ogdan Avramovich,CLIENTE NUEVO,APROBAR
340,100,40,2,4,819.93,0.675,Emmey Rennenbach,RIESGO ALTO,RECHAZAR
341,83,500,2,2,622.24,0.712,Federico Rape,CLIENTE NUEVO,APROBAR
342,84,447,3,3,414.53,0.274,Frasier Bodley,CLIENTE NUEVO,REVISAR MANUAL
343,67,32,2,4,329.59,0.386,Had Candish,CLIENTE NUEVO,RECHAZAR
344,43,313,1,4,748.25,0.923,Steve Schustl,RIESGO ALTO,APROBAR
345,17,415,1,4,315.05,0.014,Orsola Elmore,CLIENTE NUEVO,APROBAR
346,14,366,1,4,405.62,0.361,Abbi Rowcliffe,CLIENTE NUEVO,APROBAR
347,95,466,2,3,730.83,0.748,Cacilie Bastow,CLIENTE NUEVO,APROBAR
348,30,323,2,1,686.28,0.486,Marco McGucken,CLIENTE NUEVO,REVISAR MANUAL
349,81,335,2,1,754.21,0.491,Matteo Bearcock,BUEN HISTORIAL,REVISAR MANUAL
350,7,280,2,1,407.64,0.753,Jessee Worstall,CLIENTE NUEVO,REVISAR MANUAL
351,98,88,3,4,642.43,0.038,Gertruda Brownhall,RIESGO ALTO,REVISAR MANUAL
352,87,42,1,4,427.96,0.203,Gardy Cranton,RIESGO ALTO,RECHAZAR
353,79,188,1,4,616.17,0.237,Jany Kaiser,RIESGO ALTO,REVISAR MANUAL
354,95,488,2,4,686.76,0.301,Godard Yve,BUEN HISTORIAL,RECHAZAR
355,9,175,3,4,761.57,0.661,Ailyn Conroy,RIESGO ALTO,REVISAR MANUAL
356,73,138,2,4,530.98,0.597,Darcee Mackinder,RIESGO ALTO,RECHAZAR
357,35,161,2,4,355.27,0.006,Griswold Brion,RIESGO ALTO,REVISAR MANUAL
358,19,25,2,4,378.42,0.388,Bari Kubicek,BUEN HISTORIAL,REVISAR MANUAL
359,52,389,2,2,380.65,0.213,Hobart Bovaird,RIESGO ALTO,APROBAR
360,38,52,3,4,356.3,0.883,Delora Beebee,BUEN HISTORIAL,APROBAR
361,94,192,1,3,797.4,0.883,Miriam Dolton,BUEN HISTORIAL,RECHAZAR
362,64,168,1,3,589.96,0.07,Lorna Fellos,BUEN HISTORIAL,RECHAZAR
363,49,326,2,4,769.25,0.666,Helene Rigmond,RIESGO ALTO,APROBAR
364,53,488,3,4,606.24,0.986,Ardene Lammiman,CLIENTE NUEVO,RECHAZAR
365,40,266,3,4,838.84,0.951,Shea Leathley,BUEN HISTORIAL,REVISAR MANUAL
366,49,299,2,3,505.18,0.782,Jeannie Lobbe,RIESGO ALTO,RECHAZAR
367,49,431,1,2,339.33,0.18,Tabb Pedlingham,RIESGO ALTO,REVISAR MANUAL
368,77,64,3,4,454.21,0.133,Shina Hartzenberg,RIESGO ALTO,RECHAZAR
369,63,490,1,3,484.92,0.252,Ralf Mouth,CLIENTE NUEVO,REVISAR MANUAL
370,56,16,2,2,385.35,0.549,Hildagarde Mintoft,CLIENTE NUEVO,RECHAZAR
371,85,190,1,3,314.16,0.709,Seymour Rilings,BUEN HISTORIAL,APROBAR
372,55,74,2,1,778.41,0.022,Dale Potteridge,CLIENTE NUEVO,APROBAR
373,17,245,1,1,677.49,0.373,Chick Onn,CLIENTE NUEVO,REVISAR MANUAL
374,38,136,2,3,743.22,0.308,Joanna Rizzotto,RIESGO ALTO,RECHAZAR
375,85,277,3,1,838.61,0.718,Roley Pepler,BUEN HISTORIAL,REVISAR MANUAL
376,13,445,1,4,818.97,0.236,Gabriele Snalham,RIESGO ALTO,APROBAR
377,42,131,3,4,768.98,0.879,Jorrie Noddles,BUEN HISTORIAL,RECHAZAR
378,75,57,1,4,621.77,0.91,Eric D'Hooge,CLIENTE NUEVO,APROBAR
379,15,276,3,4,327.85,0.878,Inessa Olivello,BUEN HISTORIAL,RECHAZAR
380,75,310,1,1,360.88,0.143,Ingaberg Spyer,BUEN HISTORIAL,RECHAZAR
381,88,304,1,4,494.28,0.704,Kari Blanch,BUEN HISTORIAL,APROBAR
382,14,140,3,4,484.06,0.093,Jackson Roz,BUEN HISTORIAL,REVISAR MANUAL
383,18,490,1,3,776.18,0.81,Celie Wozencraft,RIESGO ALTO,RECHAZAR
384,65,444,2,4,640.74,0.677,Francis Orkney,CLIENTE NUEVO,APROBAR
385,34,41,3,4,497.94,0.949,Pen Brimmicombe,BUEN HISTORIAL,APROBAR
386,98,310,3,4,328.05,0.266,Minor Barhams,CLIENTE NUEVO,APROBAR
387,96,446,3,2,567.1,0.178,Krisha Hudghton,CLIENTE NUEVO,APROBAR
388,69,276,2,4,704.49,0.046,Bobine Saltsberg,CLIENTE NUEVO,REVISAR MANUAL
389,78,329,1,3,806.94,0.983,Georgine Kennifeck,BUEN HISTORIAL,APROBAR
390,2,484,3,1,695.35,0.415,Ham Ioselevich,CLIENTE NUEVO,APROBAR
391,96,248,1,3,734.15,0.037,Cletus Bonnaire,BUEN HISTORIAL,RECHAZAR
392,35,175,1,4,544.91,0.277,Delphine Hebblethwaite,RIESGO ALTO,REVISAR MANUAL
393,89,212,3,4,482.42,0.809,De Urian,BUEN HISTORIAL,APROBAR
394,95,370,1,1,753.53,0.446,Ike Gauntlett,RIESGO ALTO,APROBAR
395,52,32,3,3,534.71,0.347,Tirrell Drohan,RIESGO ALTO,APROBAR
396,42,394,1,4,581.26,0.776,Pegeen Nardoni,CLIENTE NUEVO,APROBAR
397,84,207,2,1,544.58,0.611,Scarlet Buglass,CLIENTE NUEVO,RECHAZAR
398,80,177,1,4,556.66,0.084,Marvin Leader,CLIENTE NUEVO,REVISAR MANUAL
399,88,354,2,3,622.05,0.616,Lynsey Chevalier,RIESGO ALTO,APROBAR
400,6,256,1,2,608.05,0.551,Alister Walthew,CLIENTE NUEVO,RECHAZAR
401,57,25,2,3,816.74,0.195,Winfield Tonnesen,CLIENTE NUEVO,RECHAZAR
402,86,258,2,4,525.83,0.042,Xever Cissen,BUEN HISTORIAL,REVISAR MANUAL
403,42,106,3,4,784.74,0.756,Chryste Birt,CLIENTE NUEVO,REVISAR MANUAL
404,10,135,2,4,693.64,0.418,Carly Showering,RIESGO ALTO,APROBAR
405,56,302,1,2,848.17,0.457,Andromache Cersey,CLIENTE NUEVO,RECHAZAR
406,79,222,1,4,688.48,0.907,Corene Tue,CLIENTE NUEVO,REVISAR MANUAL
407,63,72,2,1,840.16,0.267,Celinka Lorne,BUEN HISTORIAL,APROBAR
408,40,404,3,2,389.22,0.316,Thorn Plumptre,CLIENTE NUEVO,RECHAZAR
409,38,104,2,1,322.08,0.023,Grace Abelovitz,BUEN HISTORIAL,RECHAZAR
410,75,23,2,4,431.12,0.232,Gerald Woltering,BUEN HISTORIAL,APROBAR
411,24,390,3,4,691.33,0.909,Tomkin Storer,RIESGO ALTO,REVISAR MANUAL
412,29,140,2,2,456.95,0.07,Giraud Kelner,BUEN HISTORIAL,RECHAZAR
413,40,435,1,3,718.68,0.989,Ivett Kobisch,BUEN HISTORIAL,APROBAR
414,38,169,3,1,782.57,0.536,Nola Mikalski,RIESGO ALTO,REVISAR MANUAL
415,14,80,3,1,656.0,0.025,Sam Di Nisco,RIESGO ALTO,REVISAR MANUAL
416,98,425,3,3,366.68,0.113,Dominga Brodie,CLIENTE NUEVO,REVISAR MANUAL
417,57,280,3,2,748.97,0.788,Vivianne Broxis,BUEN HISTORIAL,APROBAR
418,76,46,1,3,674.14,0.815,Catharine Mate,RIESGO ALTO,RECHAZAR
419,35,413,1,4,839.3,0.661,Kristan Mundford,CLIENTE NUEVO,APROBAR
420,64,139,3,3,487.85,0.033,Marlene Lampel,CLIENTE NUEVO,REVISAR MANUAL
421,77,354,1,4,456.93,0.671,Brice Horsburgh,RIESGO ALTO,APROBAR
422,8,3,2,2,338.73,0.257,Willi Frome,BUEN HISTORIAL,APROBAR
423,76,453,3,4,613.75,0.953,Ryon Syder,CLIENTE NUEVO,REVISAR MANUAL
424,90,139,3,3,406.17,0.187,Cameron Restieaux,CLIENTE NUEVO,RECHAZAR
425,71,335,1,1,381.3,0.373,Tarrance Swaile,BUEN HISTORIAL,APROBAR
426,91,408,1,3,782.85,0.754,Orlando Limeburn,CLIENTE NUEVO,RECHAZAR
427,30,91,3,2,376.81,0.12,Harriot Catterell,BUEN HISTORIAL,REVISAR MANUAL
428,19,170,1,1,458.51,0.3,Ron Cousins,BUEN HISTORIAL,RECHAZAR
429,35,155,2,4,731.29,0.005,Adolph Godsal,RIESGO ALTO,RECHAZAR
430,92,296,1,2,615.84,0.618,Raimondo Fulton,RIESGO ALTO,RECHAZAR
431,3,454,2,2,756.67,0.847,Hulda Rottery,BUEN HISTORIAL,APROBAR
432,42,341,2,3,443.39,0.093,Bobbe Berard,CLIENTE NUEVO,REVISAR MANUAL
433,72,440,3,1,733.36,0.584,Meghann Pleaden,RIESGO ALTO,RECHAZAR
434,50,60,2,1,708.81,0.977,Chico Fisbey,CLIENTE NUEVO,REVISAR MANUAL
435,42,51,3,3,376.21,0.761,Auberon Dackombe,CLIENTE NUEVO,REVISAR MANUAL
436,79,441,1,2,800.33,0.149,Michelle Muffett,BUEN HISTORIAL,REVISAR MANUAL
437,27,279,3,4,681.82,0.914,Reece Kemble,RIESGO ALTO,RECHAZAR
438,88,139,2,3,410.84,0.355,Camellia Rathmell,BUEN HISTORIAL,RECHAZAR
439,11,424,2,4,821.49,0.855,Meaghan Bumpus,BUEN HISTORIAL,REVISAR MANUAL
440,84,191,2,3,313.93,0.46,Forster Petrol,RIESGO ALTO,REVISAR MANUAL
441,92,457,3,1,426.61,0.688,Alena Gledhall,BUEN HISTORIAL,RECHAZAR
442,18,20,1,2,612.34,0.91,Emili McGlue,BUEN HISTORIAL,REVISAR MANUAL
443,7,354,1,3,834.48,0.32,Skell Mayoh,BUEN HISTORIAL,APROBAR
444,4,392,3,4,451.5,0.355,Toby Week,RIESGO ALTO,REVISAR MANUAL
445,72,322,2,4,543.89,0.891,Benjy Gerauld,CLIENTE NUEVO,RECHAZAR
446,41,365,1,1,609.12,0.816,Alysa Goodyear,RIESGO ALTO,APROBAR
447,40,401,3,4,395.0,0.424,Lynea Simcox,CLIENTE NUEVO,APROBAR
448,10,81,2,4,526.42,0.748,Monah Rowell,BUEN HISTORIAL,RECHAZAR
449,10,268,3,2,534.35,0.563,Bab Pirson,BUEN HISTORIAL,RECHAZAR
450,17,376,1,1,507.1,0.687,Craggy Girodon,CLIENTE NUEVO,APROBAR
451,69,172,2,3,338.01,0.039,Fabe Quantrill,BUEN HISTORIAL,RECHAZAR
452,4,461,2,2,771.07,0.251,Northrup Sayers,CLIENTE NUEVO,APROBAR
453,71,228,3,2,455.97,0.375,Warner Macon,BUEN HISTORIAL,REVISAR MANUAL
454,46,359,1,1,768.96,0.71,Nance MacSkeaghan,CLIENTE NUEVO,REVISAR MANUAL
455,44,194,3,1,511.03,0.213,Burr Juzek,CLIENTE NUEVO,REVISAR MANUAL
456,75,32,3,1,435.95,0.854,Janean Wyldbore,CLIENTE NUEVO,RECHAZAR
457,4,6,2,1,486.48,0.05,Gordy Whitfield,RIESGO ALTO,RECHAZAR
458,53,91,3,2,825.07,0.303,Rachelle Oddie,RIESGO ALTO,APROBAR
459,60,349,2,2,476.58,0.066,Nick Fetherstan,CLIENTE NUEVO,RECHAZAR
460,4,187,3,1,564.49,0.686,Peyter Crockford,BUEN HISTORIAL,APROBAR
461,92,306,1,1,349.25,0.52,Catlin Chappelow,RIESGO ALTO,APROBAR
462,100,377,1,4,754.29,0.41,Friederike Jeandillou,BUEN HISTORIAL,APROBAR
463,100,128,1,3,386.56,0.988,Toby Camoletto,RIESGO ALTO,APROBAR
464,63,200,2,2,842.19,0.815,Leena Bugby,RIESGO ALTO,REVISAR MANUAL
465,30,25,1,1,465.13,0.174,Myrle Graham,BUEN HISTORIAL,RECHAZAR
466,62,272,2,1,804.31,0.665,Clywd Perfect,CLIENTE NUEVO,RECHAZAR
467,95,334,2,4,734.23,0.787,Holli Gartshore,CLIENTE NUEVO,APROBAR
468,90,267,2,1,403.25,0.471,Baillie Lemmers,CLIENTE NUEVO,REVISAR MANUAL
469,44,269,2,2,366.81,0.382,Titos Ofield,CLIENTE NUEVO,APROBAR
470,19,361,2,2,469.57,0.593,Ashleigh Clowsley,BUEN HISTORIAL,RECHAZAR
471,60,3,1,1,636.72,0.059,Nady Blagbrough,BUEN HISTORIAL,RECHAZAR
472,65,422,2,1,833.36,0.964,Ezmeralda Stellman,BUEN HISTORIAL,REVISAR MANUAL
473,15,190,2,4,743.23,0.619,Inga Spiniello,RIESGO ALTO,REVISAR MANUAL
474,19,132,3,2,579.7,0.11,Peggi Mariet,RIESGO ALTO,REVISAR MANUAL
475,25,476,1,4,783.75,0.539,Brenna Turnbull,BUEN HISTORIAL,REVISAR MANUAL
476,21,89,1,2,667.81,0.618,Phyllys Digance,RIESGO ALTO,APROBAR
477,40,141,1,3,837.47,0.618,Dick Hedger,BUEN HISTORIAL,RECHAZAR
478,31,67,2,3,778.74,0.746,Bjorn Garthside,CLIENTE NUEVO,APROBAR
479,79,186,1,1,647.84,0.575,Dona Hurworth,RIESGO ALTO,RECHAZAR
480,77,471,2,1,594.99,0.805,Obie Copner,CLIENTE NUEVO,RECHAZAR
481,97,444,3,1,646.59,0.287,Wiley Boyse,BUEN HISTORIAL,RECHAZAR
482,43,207,2,1,842.96,0.913,Petunia Sabbins,CLIENTE NUEVO,RECHAZAR
483,14,144,3,3,583.04,0.457,Mary Goodwyn,BUEN HISTORIAL,RECHAZAR
484,8,283,1,3,584.69,0.97,Briney Pieche,CLIENTE NUEVO,REVISAR MANUAL
485,100,11,1,2,544.37,0.424,Zorine Mingus,CLIENTE NUEVO,APROBAR
486,15,89,3,2,702.17,0.337,Morna Teaze,CLIENTE NUEVO,APROBAR
487,76,202,3,1,340.87,0.767,Renault Schuelcke,BUEN HISTORIAL,APROBAR
488,64,313,2,2,730.48,0.389,Dolores Forster,CLIENTE NUEVO,APROBAR
489,88,283,1,4,756.0,0.049,Barbara Bonniface,RIESGO ALTO,APROBAR
490,6,79,2,4,632.32,0.678,Tova Ingree,BUEN HISTORIAL,APROBAR
491,18,384,1,1,605.87,0.674,Doy Skirven,RIESGO ALTO,RECHAZAR
492,1,160,1,4,682.85,0.609,Humbert Manford,CLIENTE NUEVO,RECHAZAR
493,85,465,1,3,418.57,0.348,Valene Ramme,CLIENTE NUEVO,APROBAR
494,45,78,1,1,470.69,0.764,Barton Branston,RIESGO ALTO,APROBAR
495,45,312,3,1,399.35,0.732,Margarete Urling,BUEN HISTORIAL,RECHAZAR
496,16,342,1,1,676.72,0.765,Jamal Klouz,CLIENTE NUEVO,APROBAR
497,11,5,1,3,789.28,0.396,Pascale Rushmere,BUEN HISTORIAL,REVISAR MANUAL
498,76,234,2,4,624.13,0.185,Ardyth Udale,RIESGO ALTO,RECHAZAR
499,85,173,2,3,823.96,0.908,Tracee Littley,RIESGO ALTO,APROBAR
500,18,404,1,2,340.57,0.68,Dede Edeler,CLIENTE NUEVO,RECHAZAR
501,62,105,3,1,650.31,0.881,Eleanora Blower,BUEN HISTORIAL,APROBAR
502,37,273,2,1,349.31,0.974,Sanderson MacKeller,RIESGO ALTO,RECHAZAR
503,64,447,2,1,659.6,0.834,Gillan Baythrop,BUEN HISTORIAL,REVISAR MANUAL
504,7,484,2,1,752.09,0.973,Ric Enrico,RIESGO ALTO,RECHAZAR
505,78,67,2,2,820.12,0.141,Malva Caldicot,BUEN HISTORIAL,REVISAR MANUAL
506,96,464,2,1,725.47,0.493,Fabien McGinney,CLIENTE NUEVO,RECHAZAR
507,66,404,1,2,599.81,0.169,Goldy Amar,CLIENTE NUEVO,RECHAZAR
508,16,68,3,3,569.12,0.296,Jesus Harradine,BUEN HISTORIAL,REVISAR MANUAL
509,54,175,3,4,614.38,0.821,Sephira Andreassen,BUEN HISTORIAL,RECHAZAR
510,14,245,2,4,514.48,0.953,Aili Stanett,BUEN HISTORIAL,APROBAR
511,62,350,3,1,747.86,0.211,Rutger Lassey,CLIENTE NUEVO,REVISAR MANUAL
512,6,214,1,3,347.29,0.917,Melisenda Matthai,CLIENTE NUEVO,APROBAR
513,64,109,1,4,786.74,0.261,Merwin Flavelle,RIESGO ALTO,RECHAZAR
514,62,87,1,4,532.87,0.103,Hodge Nottram,RIESGO ALTO,APROBAR
515,89,398,2,2,683.26,0.412,Eddy Chrystie,BUEN HISTORIAL,APROBAR
516,57,377,2,4,317.09,0.07,Elfrieda Vannoort,CLIENTE NUEVO,REVISAR MANUAL
517,41,382,2,4,774.39,0.038,Karrah Crumb,RIESGO ALTO,APROBAR
518,80,275,3,4,576.95,0.703,Clerkclaude Dilleston,RIESGO ALTO,REVISAR MANUAL
519,17,213,1,1,838.95,0.028,Sylvan Lobe,RIESGO ALTO,APROBAR
520,83,152,2,4,522.16,0.847,Edi Mac Giolla Pheadair,BUEN HISTORIAL,REVISAR MANUAL
521,32,283,1,3,559.83,0.355,Fax Citrine,CLIENTE NUEVO,REVISAR MANUAL
522,77,108,1,3,449.09,0.182,Thacher Brimicombe,RIESGO ALTO,RECHAZAR
523,15,490,2,2,423.8,0.231,Tucky Harte,RIESGO ALTO,REVISAR MANUAL
524,24,118,2,1,789.86,0.07,Marillin O'Fallone,RIESGO ALTO,RECHAZAR
525,80,44,1,1,804.36,0.534,Kori Quantick,CLIENTE NUEVO,REVISAR MANUAL
526,100,235,2,4,800.49,0.766,Max Cudmore,BUEN HISTORIAL,APROBAR
527,73,309,2,3,662.43,0.999,Michel Cobson,BUEN HISTORIAL,RECHAZAR
528,65,287,2,1,447.09,0.309,Isabelle Loyndon,RIESGO ALTO,APROBAR
529,3,274,1,2,671.85,0.621,Olivia O' Borne,BUEN HISTORIAL,REVISAR MANUAL
530,15,51,2,2,836.08,0.245,Tamarah McCrorie,RIESGO ALTO,APROBAR
531,100,15,1,4,518.75,0.858,Humfried Trounson,CLIENTE NUEVO,REVISAR MANUAL
532,26,217,3,3,731.91,0.733,Madeline Lawman,BUEN HISTORIAL,RECHAZAR
533,32,181,2,3,338.09,0.63,Niels Blencoe,CLIENTE NUEVO,RECHAZAR
534,3,328,1,4,690.02,0.117,Deirdre Hambrook,RIESGO ALTO,RECHAZAR
535,49,235,2,2,306.74,0.029,Della Martinelli,BUEN HISTORIAL,RECHAZAR
536,23,112,3,4,472.64,0.284,Rhetta Vassall,CLIENTE NUEVO,REVISAR MANUAL
537,42,161,2,3,590.72,0.274,Lilas Housden,RIESGO ALTO,APROBAR
538,78,230,1,2,315.03,0.325,Simona Dy,CLIENTE NUEVO,REVISAR MANUAL
539,41,197,2,4,382.82,0.936,Cari Rowlands,CLIENTE NUEVO,RECHAZAR
540,41,421,1,4,549.2,0.149,Sebastian Marcu,BUEN HISTORIAL,REVISAR MANUAL
541,87,134,3,3,478.78,0.718,Beatrix Paunsford,RIESGO ALTO,RECHAZAR
542,30,462,1,2,585.62,0.07,Jordanna Fidgeon,CLIENTE NUEVO,RECHAZAR
543,97,403,3,1,303.41,0.576,Arri Gummer,RIESGO ALTO,APROBAR
544,15,364,1,1,736.04,0.422,Gratia Cayton,CLIENTE NUEVO,APROBAR
545,3,369,3,3,671.38,0.775,Oriana Brane,BUEN HISTORIAL,REVISAR MANUAL
546,90,108,3,2,736.78,0.744,Lilli Meddemmen,RIESGO ALTO,APROBAR
547,49,66,2,4,704.5,0.088,Illa Poyntz,RIESGO ALTO,RECHAZAR
548,86,354,2,2,398.52,0.291,Natty Olyunin,CLIENTE NUEVO,RECHAZAR
549,100,456,2,4,315.23,0.93,Gussie Hails,RIESGO ALTO,RECHAZAR
550,83,448,2,3,618.91,0.545,Elvin Ledbury,BUEN HISTORIAL,RECHAZAR
551,51,260,2,2,350.24,0.525,Kaleena Cartmale,BUEN HISTORIAL,RECHAZAR
552,89,393,1,1,596.62,0.648,Josepha Dallison,CLIENTE NUEVO,APROBAR
553,10,473,2,1,343.67,0.909,Florence Riccioppo,BUEN HISTORIAL,REVISAR MANUAL
554,63,436,3,1,304.2,0.413,Janeta Tosspell,BUEN HISTORIAL,RECHAZAR
555,94,225,2,2,519.17,0.928,Rogerio Pere,RIESGO ALTO,REVISAR MANUAL
556,100,407,3,1,795.29,0.947,Gradeigh Commucci,CLIENTE NUEVO,REVISAR MANUAL
557,52,213,1,3,558.13,0.275,Gusta South,RIESGO ALTO,REVISAR MANUAL
558,67,399,1,4,340.09,0.612,Darya Carillo,CLIENTE NUEVO,REVISAR MANUAL
559,5,107,3,4,512.33,0.813,Milicent Forsbey,BUEN HISTORIAL,RECHAZAR
560,97,455,2,2,309.22,0.543,Alexandrina Abrahm,CLIENTE NUEVO,REVISAR MANUAL
561,37,385,1,3,739.1,0.15,Jessalyn Perett,BUEN HISTORIAL,APROBAR
562,55,28,1,1,508.41,0.742,Lydon Pohling,CLIENTE NUEVO,REVISAR MANUAL
563,27,76,2,4,498.3,0.891,Lizette Splevins,CLIENTE NUEVO,REVISAR MANUAL
564,7,382,1,2,380.77,0.175,Nelli Chawner,CLIENTE NUEVO,RECHAZAR
565,95,9,2,1,796.25,0.97,Doreen Skelington,CLIENTE NUEVO,REVISAR MANUAL
566,98,277,3,2,380.01,0.844,Pierre Mensler,CLIENTE NUEVO,APROBAR
567,62,190,1,1,551.97,0.37,Danyette Omrod,BUEN HISTORIAL,REVISAR MANUAL
568,97,1,2,3,643.47,0.63,Yehudit Ilyuchyov,RIESGO ALTO,REVISAR MANUAL
569,83,142,3,1,346.68,0.185,Harlan Moline,BUEN HISTORIAL,APROBAR
570,3,328,3,2,719.16,0.616,Fanchette Guerrier,BUEN HISTORIAL,REVISAR MANUAL
571,36,416,2,1,618.39,0.466,Zorah Bedin,BUEN HISTORIAL,RECHAZAR
572,45,296,1,2,778.04,0.147,Errol Skea,BUEN HISTORIAL,APROBAR
573,90,373,2,3,663.75,0.544,Deonne Ganiford,CLIENTE NUEVO,APROBAR
574,56,369,3,2,724.74,0.053,Lea Shilton,RIESGO ALTO,APROBAR
575,64,467,3,1,761.59,0.466,Bobine Flohard,BUEN HISTORIAL,APROBAR
576,67,488,1,2,316.61,0.037,Elton Cruess,RIESGO ALTO,RECHAZAR
577,12,361,3,1,418.24,0.521,Vinny Loyley,CLIENTE NUEVO,REVISAR MANUAL
578,52,465,2,2,696.9,0.581,Jaquith Hatton,RIESGO ALTO,REVISAR MANUAL
579,100,236,3,1,586.0,0.365,Faythe Bothie,BUEN HISTORIAL,APROBAR
580,38,250,1,2,555.87,0.767,Tiffany Dubarry,CLIENTE NUEVO,REVISAR MANUAL
581,9,213,1,1,803.02,0.365,Ginger McEttigen,RIESGO ALTO,RECHAZAR
582,21,467,3,4,351.83,0.519,Shelley Barradell,BUEN HISTORIAL,APROBAR
583,15,246,2,2,749.71,0.638,Rorie Goulter,CLIENTE NUEVO,RECHAZAR
584,51,84,3,2,735.11,0.273,Judie Gitsham,CLIENTE NUEVO,APROBAR
585,65,318,1,1,608.55,0.293,Grantham Siemens,CLIENTE NUEVO,APROBAR
586,50,440,2,4,573.95,0.193,Gabriel Bartlet,CLIENTE NUEVO,APROBAR
587,46,11,3,1,541.95,0.685,Peyton Grunnell,CLIENTE NUEVO,REVISAR MANUAL
588,24,445,2,1,601.93,0.06,Chris Willment,BUEN HISTORIAL,REVISAR MANUAL
589,10,114,3,1,642.83,0.615,Phip Bellis,BUEN HISTORIAL,RECHAZAR
590,51,462,3,3,639.14,0.278,Reggie McTague,RIESGO ALTO,APROBAR
591,31,474,2,2,519.07,0.835,Durante Kubal,RIESGO ALTO,REVISAR MANUAL
592,10,269,3,4,606.32,0.629,Sheppard Tregale,CLIENTE NUEVO,APROBAR
593,43,57,3,3,526.34,0.013,Ricoriki Barrat,BUEN HISTORIAL,RECHAZAR
594,60,51,2,3,469.14,0.153,Anne-corinne Terney,RIESGO ALTO,APROBAR
595,38,131,2,4,787.05,0.317,Monte Arnald,RIESGO ALTO,RECHAZAR
596,15,452,2,1,345.97,0.555,Candide Alldre,RIESGO ALTO,REVISAR MANUAL
597,11,154,2,2,497.2,0.576,Dalli Shearmur,BUEN HISTORIAL,RECHAZAR
598,27,259,1,2,647.59,0.657,Arliene Greensall,RIESGO ALTO,RECHAZAR
599,11,15,1,4,318.54,0.819,Silvester Crooks,RIESGO ALTO,APROBAR
600,98,103,3,2,503.27,0.644,Jami Ferreo,BUEN HISTORIAL,APROBAR
601,20,128,2,1,595.9,0.954,Henriette Camps,RIESGO ALTO,RECHAZAR
602,78,286,2,4,621.69,0.033,Charley Bohea,BUEN HISTORIAL,APROBAR
603,4,12,3,2,305.65,0.301,Alfonse Bourdice,RIESGO ALTO,APROBAR
604,95,450,3,3,465.89,0.239,Tobin Denial,BUEN HISTORIAL,REVISAR MANUAL
605,36,382,1,1,837.7,0.145,Justinn Milburne,BUEN HISTORIAL,RECHAZAR
606,34,315,1,4,374.2,0.82,Atalanta Habershon,BUEN HISTORIAL,APROBAR
607,80,57,3,1,558.12,0.92,Doralia Duckworth,CLIENTE NUEVO,RECHAZAR
608,23,316,1,2,590.3,0.464,Devora Boich,BUEN HISTORIAL,APROBAR
609,60,153,2,2,396.49,0.365,Rosita Sabie,BUEN HISTORIAL,RECHAZAR
610,98,157,3,1,730.24,0.488,Thurstan Stansbie,CLIENTE NUEVO,RECHAZAR
611,85,417,1,3,666.42,0.213,Miles Jeram,CLIENTE NUEVO,REVISAR MANUAL
612,87,463,3,1,646.62,0.673,Welch Burehill,CLIENTE NUEVO,APROBAR
613,73,362,2,3,552.08,0.207,Farrah Cumming,BUEN HISTORIAL,RECHAZAR
614,56,358,3,1,539.76,0.965,Melina Buswell,BUEN HISTORIAL,REVISAR MANUAL
615,12,476,1,4,310.52,0.823,Clare Wilshere,BUEN HISTORIAL,REVISAR MANUAL
616,64,148,1,2,674.54,0.707,Saw Mahady,CLIENTE NUEVO,RECHAZAR
617,1,309,1,3,430.46,0.527,Valle MacFadzan,BUEN HISTORIAL,RECHAZAR
618,30,281,3,3,473.02,0.426,Heda Mullen,BUEN HISTORIAL,REVISAR MANUAL
619,56,131,1,1,656.64,0.879,Christabel Manuelli,RIESGO ALTO,RECHAZAR
620,65,480,2,3,406.91,0.323,Ainslee Webb,RIESGO ALTO,APROBAR
621,34,456,1,4,671.65,0.517,Selestina Martinelli,BUEN HISTORIAL,REVISAR MANUAL
622,49,326,1,3,337.17,0.389,Christabella Beamiss,BUEN HISTORIAL,RECHAZAR
623,46,330,2,1,426.44,0.68,Norry Sillito,RIESGO ALTO,APROBAR
624,100,87,3,1,840.57,0.479,Gus Gebb,CLIENTE NUEVO,REVISAR MANUAL
625,38,9,3,2,562.62,0.269,Regen Alasdair,RIESGO ALTO,REVISAR MANUAL
626,98,230,1,4,581.99,0.855,Krisha Lyttle,CLIENTE NUEVO,REVISAR MANUAL
627,96,40,3,2,511.71,0.0,Adelice Bartolomeu,BUEN HISTORIAL,REVISAR MANUAL
628,79,346,3,1,599.81,0.004,Tony McGillreich,BUEN HISTORIAL,REVISAR MANUAL
629,42,33,1,3,324.82,0.038,Rosalie Peasegood,CLIENTE NUEVO,REVISAR MANUAL
630,29,445,1,4,768.47,0.939,Benetta Izakof,CLIENTE NUEVO,APROBAR
631,66,224,2,3,584.96,0.158,Oby Westnedge,RIESGO ALTO,REVISAR MANUAL
632,92,330,1,1,797.19,0.183,Madel Loadman,CLIENTE NUEVO,APROBAR
633,3,421,1,4,566.22,0.959,Fidelio Krugmann,BUEN HISTORIAL,APROBAR
634,8,77,1,2,725.27,0.705,Elsey Powling,BUEN HISTORIAL,APROBAR
635,73,145,1,3,631.73,0.491,Cordell Jeremiah,BUEN HISTORIAL,REVISAR MANUAL
636,81,319,3,3,326.9,0.003,Gerardo Bould,RIESGO ALTO,REVISAR MANUAL
637,3,393,3,1,554.34,0.399,Kissiah Tapp,BUEN HISTORIAL,APROBAR
638,60,135,2,3,757.64,0.236,Audi Jennrich,CLIENTE NUEVO,REVISAR MANUAL
639,58,8,2,3,570.94,0.435,Royce Brehaut,RIESGO ALTO,RECHAZAR
640,84,472,2,3,588.87,0.729,Fredi Littell,BUEN HISTORIAL,REVISAR MANUAL
641,95,62,1,2,393.54,0.631,Jeanelle Janz,BUEN HISTORIAL,APROBAR
642,94,217,1,1,387.9,0.888,Ezekiel Girardey,RIESGO ALTO,APROBAR
643,44,163,3,4,813.33,0.275,Mordy Durrad,BUEN HISTORIAL,RECHAZAR
644,84,53,3,3,677.39,0.538,Barrett Spira,BUEN HISTORIAL,APROBAR
645,84,204,1,2,836.54,0.942,Karrah Moyes,BUEN HISTORIAL,REVISAR MANUAL
646,55,468,3,3,302.88,0.547,Jeromy Louedey,CLIENTE NUEVO,APROBAR
647,54,322,1,3,407.11,0.264,Karilynn Santer,CLIENTE NUEVO,RECHAZAR
648,92,111,2,4,553.1,0.523,Nikkie Fluin,RIESGO ALTO,RECHAZAR
649,73,310,3,1,829.63,0.746,Hammad Raynham,RIESGO ALTO,REVISAR MANUAL
650,64,234,2,1,524.59,0.276,Jaimie Giraudot,RIESGO ALTO,APROBAR
651,71,438,2,2,648.97,0.674,Clayborne Mealiffe,RIESGO ALTO,RECHAZAR
652,8,267,2,2,561.71,0.233,Kin Chatfield,RIESGO ALTO,RECHAZAR
653,44,57,2,3,453.39,0.626,Tracey Mannin,CLIENTE NUEVO,REVISAR MANUAL
654,89,292,1,1,722.01,0.76,Sabra Killingsworth,RIESGO ALTO,RECHAZAR
655,98,121,2,1,314.79,0.314,Alecia Masser,CLIENTE NUEVO,REVISAR MANUAL
656,15,115,3,1,469.99,0.034,Kelley Yuryev,RIESGO ALTO,APROBAR
657,58,281,2,1,833.3,0.018,Thatcher Halston,RIESGO ALTO,APROBAR
658,100,58,2,3,374.49,0.139,Jocelyne Radford,RIESGO ALTO,REVISAR MANUAL
659,4,310,3,2,448.91,0.074,Bill Slimm,CLIENTE NUEVO,REVISAR MANUAL
660,56,449,3,3,522.06,0.493,Penny Worman,CLIENTE NUEVO,APROBAR
661,97,488,1,2,402.4,0.752,Rutger Ritch,CLIENTE NUEVO,APROBAR
662,21,41,1,1,798.09,0.491,Gayla Eslie,CLIENTE NUEVO,RECHAZAR
663,67,3,2,2,640.35,0.936,Timmie Moylane,CLIENTE NUEVO,RECHAZAR
664,34,297,3,3,310.82,0.531,Alena Macknish,BUEN HISTORIAL,APROBAR
665,40,144,3,3,525.77,0.125,Cacilie Bannester,BUEN HISTORIAL,REVISAR MANUAL
666,52,71,1,4,534.77,0.493,Alyse Lynd,CLIENTE NUEVO,REVISAR MANUAL
667,57,491,1,2,452.94,0.072,Kariotta Woller,CLIENTE NUEVO,RECHAZAR
668,87,76,3,1,735.01,0.169,Esteban Biskupiak,RIESGO ALTO,REVISAR MANUAL
669,40,353,3,1,301.31,0.67,Tessy Colson,BUEN HISTORIAL,APROBAR
670,43,335,1,2,539.87,0.432,Loree Drogan,CLIENTE NUEVO,RECHAZAR
671,4,93,1,1,624.16,0.912,Agatha Featherstonhaugh,RIESGO ALTO,APROBAR
672,18,68,1,2,401.04,0.026,Conchita Hairon,BUEN HISTORIAL,RECHAZAR
673,98,214,2,2,848.25,0.041,Philippe Pile,CLIENTE NUEVO,APROBAR
674,84,470,1,4,393.76,0.212,Jessica Patkin,RIESGO ALTO,RECHAZAR
675,44,402,3,3,514.76,0.801,Shina Nijs,BUEN HISTORIAL,APROBAR
676,34,484,2,3,588.63,0.36,Ethel Risen,RIESGO ALTO,REVISAR MANUAL
677,40,259,2,4,379.58,0.799,Charlean Baudoux,BUEN HISTORIAL,APROBAR
678,58,223,3,2,668.57,0.991,Sephira Coveley,RIESGO ALTO,REVISAR MANUAL
679,72,436,2,2,638.85,0.698,Rora Paur,RIESGO ALTO,RECHAZAR
680,75,322,2,2,747.88,0.887,Kenyon Guppy,RIESGO ALTO,RECHAZAR
681,45,327,2,1,519.45,0.18,Misha Beagen,CLIENTE NUEVO,RECHAZAR
682,97,299,2,4,752.9,0.786,Lennard Duding,BUEN HISTORIAL,REVISAR MANUAL
683,16,138,3,1,614.69,0.636,Jamey Fellis,CLIENTE NUEVO,REVISAR MANUAL
684,93,493,3,2,678.45,0.803,Aarika Etridge,RIESGO ALTO,APROBAR
685,19,500,3,1,552.86,0.555,Zack Grunbaum,BUEN HISTORIAL,RECHAZAR
686,96,121,1,4,646.57,0.417,Ario Trusler,BUEN HISTORIAL,REVISAR MANUAL
687,91,349,1,1,564.6,0.41,Benni Tisor,RIESGO ALTO,RECHAZAR
688,4,423,2,4,508.68,0.902,Talbert Breawood,BUEN HISTORIAL,REVISAR MANUAL
689,34,123,2,3,677.75,0.641,Bowie Ferreres,CLIENTE NUEVO,RECHAZAR
690,73,233,1,4,527.44,0.207,Brynna Kyffin,BUEN HISTORIAL,APROBAR
691,94,33,3,4,411.35,0.413,Chastity Ambrogiotti,RIESGO ALTO,RECHAZAR
692,15,151,2,2,632.0,0.656,Ciel Zienkiewicz,RIESGO ALTO,REVISAR MANUAL
693,63,379,2,4,403.18,0.526,Courtnay Challicombe,BUEN HISTORIAL,RECHAZAR
694,94,22,2,2,539.46,0.036,Codie Duxbury,CLIENTE NUEVO,APROBAR
695,88,297,3,1,807.87,0.193,Lari Innwood,CLIENTE NUEVO,APROBAR
696,34,267,2,1,421.78,0.586,Verina Petrello,CLIENTE NUEVO,RECHAZAR
697,40,351,2,2,311.02,0.638,Chrysler Merali,RIESGO ALTO,RECHAZAR
698,26,253,3,4,804.73,0.89,Desiree Arnall,RIESGO ALTO,REVISAR MANUAL
699,38,389,2,1,485.54,0.417,Mandy Leggan,CLIENTE NUEVO,REVISAR MANUAL
700,100,86,2,4,427.56,0.306,Noel Luddy,CLIENTE NUEVO,RECHAZAR
701,30,223,2,1,756.85,0.028,Elvera Leirmonth,RIESGO ALTO,REVISAR MANUAL
702,11,259,1,3,333.07,0.195,Trev Aspenlon,BUEN HISTORIAL,APROBAR
703,93,401,1,4,807.5,0.644,Loutitia Jerrold,RIESGO ALTO,RECHAZAR
704,79,176,1,2,773.27,0.078,Pippa Wharton,RIESGO ALTO,APROBAR
705,69,105,2,4,738.47,0.764,Ruthi Berkley,BUEN HISTORIAL,RECHAZAR
706,7,179,1,4,374.79,0.352,Staford McRory,RIESGO ALTO,REVISAR MANUAL
707,50,214,3,4,782.14,0.839,Molly Thomassen,CLIENTE NUEVO,REVISAR MANUAL
708,88,270,2,1,648.88,0.159,Robb Penk,CLIENTE NUEVO,RECHAZAR
709,87,401,3,2,693.36,0.619,Gun Farman,CLIENTE NUEVO,RECHAZAR
710,85,78,3,4,604.12,0.963,Heida Morsey,RIESGO ALTO,REVISAR MANUAL
711,77,167,2,4,602.6,0.154,Carol Larne,BUEN HISTORIAL,RECHAZAR
712,17,476,3,3,355.01,0.446,Cassius Looker,RIESGO ALTO,APROBAR
713,32,347,1,2,620.9,0.857,Carlie Plumer,RIESGO ALTO,REVISAR MANUAL
714,35,155,1,2,476.02,0.806,Wynn Ranken,RIESGO ALTO,REVISAR MANUAL
715,24,90,2,4,659.43,0.348,Barbara-anne Moger,CLIENTE NUEVO,APROBAR
716,95,345,2,4,743.07,0.653,Griff Bernth,RIESGO ALTO,APROBAR
717,64,224,3,1,717.9,0.63,Lyssa Kempton,BUEN HISTORIAL,RECHAZAR
718,14,69,3,2,326.25,0.473,Barri Suddaby,CLIENTE NUEVO,RECHAZAR
719,25,200,2,4,664.04,0.216,Cristiano Hamp,BUEN HISTORIAL,RECHAZAR
720,76,337,3,2,385.21,0.338,Johannes Culligan,RIESGO ALTO,REVISAR MANUAL
721,27,400,3,4,349.0,0.702,Carri Spleving,RIESGO ALTO,APROBAR
722,12,308,2,4,543.91,0.649,Willi Thorowgood,CLIENTE NUEVO,APROBAR
723,19,396,2,1,573.82,0.423,Jimmie Runacres,CLIENTE NUEVO,REVISAR MANUAL
724,86,351,1,2,551.71,0.376,Gena Marklin,RIESGO ALTO,RECHAZAR
725,9,349,1,2,427.05,0.167,Dyann Gann,RIESGO ALTO,APROBAR
726,93,147,3,1,521.82,0.729,Madison Lebbon,CLIENTE NUEVO,REVISAR MANUAL
727,72,356,1,1,831.6,0.383,Waly Smieton,BUEN HISTORIAL,RECHAZAR
728,13,91,3,1,545.2,0.371,Henrieta Shellshear,RIESGO ALTO,RECHAZAR
729,83,484,2,3,372.41,0.585,Agneta Delhanty,CLIENTE NUEVO,RECHAZAR
730,66,244,1,1,805.54,0.792,Sabine Moralee,BUEN HISTORIAL,REVISAR MANUAL
731,69,266,3,2,644.61,0.401,Benedick Pechold,RIESGO ALTO,REVISAR MANUAL
732,19,344,1,4,603.54,0.632,Goldi Freschini,RIESGO ALTO,APROBAR
733,50,183,1,3,821.99,0.578,Lynda Gaylor,BUEN HISTORIAL,REVISAR MANUAL
734,88,437,3,3,575.96,0.993,Malena Cubberley,RIESGO ALTO,APROBAR
735,23,480,3,2,743.6,0.354,Miguelita Wellum,CLIENTE NUEVO,REVISAR MANUAL
736,89,122,1,4,780.12,0.574,Armin Laverack,CLIENTE NUEVO,APROBAR
737,66,187,1,2,781.33,0.918,Mace Cesconi,RIESGO ALTO,REVISAR MANUAL
738,4,393,1,1,355.52,0.273,Dianemarie Cogman,BUEN HISTORIAL,REVISAR MANUAL
739,1,498,1,2,318.0,0.526,Glyn Clashe,CLIENTE NUEVO,APROBAR
740,41,452,3,4,626.22,0.099,Rowan Eingerfield,RIESGO ALTO,RECHAZAR
741,87,201,1,3,517.84,0.695,Anica Jersh,CLIENTE NUEVO,REVISAR MANUAL
742,44,278,2,4,410.09,0.583,Antonius Adamek,CLIENTE NUEVO,REVISAR MANUAL
743,54,228,1,3,304.82,0.76,Prue Fleet,CLIENTE NUEVO,REVISAR MANUAL
744,96,390,3,2,818.9,0.255,Polly McKmurrie,BUEN HISTORIAL,REVISAR MANUAL
745,13,137,1,2,790.43,0.368,Marcelia Langstone,BUEN HISTORIAL,RECHAZAR
746,6,110,3,2,725.3,0.025,Patrice Mussared,BUEN HISTORIAL,RECHAZAR
747,93,29,2,4,584.4,0.273,Aldwin Heball,RIESGO ALTO,REVISAR MANUAL
748,17,137,3,2,663.23,0.251,Burke McGinney,CLIENTE NUEVO,RECHAZAR
749,21,91,1,4,806.52,0.419,Armand Feldmark,RIESGO ALTO,APROBAR
750,54,87,3,1,582.85,0.674,Helaina Grassick,CLIENTE NUEVO,RECHAZAR
751,92,119,1,2,562.66,0.915,Noel McGougan,BUEN HISTORIAL,RECHAZAR
752,77,289,3,2,524.2,0.979,Rubia Benam,BUEN HISTORIAL,APROBAR
753,43,12,1,2,441.02,0.694,Jone Bennell,RIESGO ALTO,REVISAR MANUAL
754,73,264,1,4,814.39,0.159,Flory Collimore,RIESGO ALTO,RECHAZAR
755,10,114,3,4,699.29,0.334,Jolyn Cudworth,CLIENTE NUEVO,APROBAR
756,19,69,3,1,485.92,0.144,Geoffrey Cotterill,RIESGO ALTO,RECHAZAR
757,49,206,1,3,329.65,0.313,Hildy Conti,RIESGO ALTO,RECHAZAR
758,1,94,2,3,351.95,0.029,Gisele Lorence,BUEN HISTORIAL,APROBAR
759,97,245,3,3,536.15,0.901,Libbi Bradbeer,BUEN HISTORIAL,APROBAR
760,73,59,3,3,487.25,0.798,Alec Cranke,BUEN HISTORIAL,APROBAR
761,89,132,2,1,660.83,0.472,Waylen Thomazin,BUEN HISTORIAL,APROBAR
762,7,332,2,3,818.4,0.147,Mommy Pratt,BUEN HISTORIAL,REVISAR MANUAL
763,6,179,3,3,745.65,0.041,Leoine Robrow,RIESGO ALTO,APROBAR
764,11,416,3,2,484.28,0.268,Rosalia Liepina,RIESGO ALTO,REVISAR MANUAL
765,20,106,2,1,537.65,0.247,Carita Vandrill,BUEN HISTORIAL,REVISAR MANUAL
766,50,417,3,4,322.94,0.575,Roana Laible,CLIENTE NUEVO,APROBAR
767,41,244,2,2,809.5,0.4,Kerianne McClunaghan,RIESGO ALTO,REVISAR MANUAL
768,62,441,1,3,361.0,0.354,Casey Rate,CLIENTE NUEVO,REVISAR MANUAL
769,20,338,1,3,505.6,0.179,Chadd Mayho,BUEN HISTORIAL,APROBAR
770,8,144,3,4,769.38,0.368,Maximo Tunna,RIESGO ALTO,RECHAZAR
771,44,489,2,3,392.7,0.988,Leonelle Davison,CLIENTE NUEVO,APROBAR
772,72,446,1,2,334.56,0.154,Kienan Duligal,CLIENTE NUEVO,RECHAZAR
773,43,338,3,1,381.89,0.815,Teddy Melton,BUEN HISTORIAL,REVISAR MANUAL
774,91,269,1,3,416.35,0.165,Ileane Mityashin,CLIENTE NUEVO,APROBAR
775,77,497,3,3,694.88,0.756,Alwyn Kaasmann,BUEN HISTORIAL,REVISAR MANUAL
776,67,15,3,4,785.21,0.735,Bari Kinnerk,RIESGO ALTO,APROBAR
777,72,282,3,1,342.24,0.24,Lauren Lindhe,BUEN HISTORIAL,APROBAR
778,24,120,2,3,469.82,0.803,Stanfield Surridge,CLIENTE NUEVO,APROBAR
779,19,420,1,3,479.97,0.71,Justen Kissick,BUEN HISTORIAL,APROBAR
780,24,387,2,3,610.43,0.079,Albrecht Ramsdell,BUEN HISTORIAL,RECHAZAR
781,17,296,1,1,405.45,0.055,Valaree Tunnicliffe,RIESGO ALTO,RECHAZAR
782,51,124,1,2,755.91,0.862,Ingeberg Mateja,RIESGO ALTO,APROBAR
783,80,233,3,2,559.03,0.505,Charles Faulkes,BUEN HISTORIAL,RECHAZAR
784,54,296,2,3,761.99,0.277,Vinnie Cornehl,RIESGO ALTO,RECHAZAR
785,27,182,3,1,424.44,0.104,Janeta Inman,BUEN HISTORIAL,APROBAR
786,35,354,2,2,745.27,0.117,Cookie Bowser,BUEN HISTORIAL,REVISAR MANUAL
787,23,138,2,4,654.91,0.177,Reggy Slyne,BUEN HISTORIAL,APROBAR
788,26,412,3,3,546.03,0.135,Reena Abramsky,RIESGO ALTO,REVISAR MANUAL
789,93,239,2,4,613.3,0.592,Vaclav Steggals,CLIENTE NUEVO,RECHAZAR
790,75,4,3,2,389.43,0.614,Trixi Crellim,CLIENTE NUEVO,APROBAR
791,19,471,2,2,521.25,0.158,Cole Cowdrey,CLIENTE NUEVO,REVISAR MANUAL
792,66,137,1,3,750.63,0.601,Tonye Coyle,RIESGO ALTO,APROBAR
793,8,141,2,2,357.03,0.688,Tiebout Daulton,RIESGO ALTO,REVISAR MANUAL
794,26,79,3,2,667.29,0.779,Emilio Jacquemot,BUEN HISTORIAL,REVISAR MANUAL
795,11,253,1,2,476.56,0.718,Jacinta Terris,CLIENTE NUEVO,REVISAR MANUAL
796,2,242,1,3,720.74,0.06,Gisele Barwood,RIESGO ALTO,APROBAR
797,63,20,2,4,830.86,0.252,Cyrille Botwood,BUEN HISTORIAL,RECHAZAR
798,19,214,2,1,786.83,0.364,Demetris Brittain,BUEN HISTORIAL,REVISAR MANUAL
799,20,454,2,3,370.39,0.273,Laryssa Plows,BUEN HISTORIAL,APROBAR
800,88,368,1,2,716.15,0.69,Frasco Axelby,BUEN HISTORIAL,RECHAZAR
801,5,324,2,2,517.12,0.281,Meriel Climar,CLIENTE NUEVO,RECHAZAR
802,62,430,2,2,627.15,0.63,Ricard Traill,RIESGO ALTO,RECHAZAR
803,34,126,1,2,435.91,0.679,Meaghan Lamberts,CLIENTE NUEVO,RECHAZAR
804,13,307,3,2,801.4,0.086,Inge Norster,RIESGO ALTO,RECHAZAR
805,29,147,3,2,744.62,0.334,Aleda Muffin,CLIENTE NUEVO,REVISAR MANUAL
806,83,308,1,3,743.96,0.452,Rosco McMonies,CLIENTE NUEVO,APROBAR
807,35,409,1,4,425.45,0.575,Mureil Proffitt,CLIENTE NUEVO,REVISAR MANUAL
808,16,244,2,1,627.24,0.723,Sidney Fantini,BUEN HISTORIAL,REVISAR MANUAL
809,9,176,3,3,487.66,0.833,Boycey Hadrill,CLIENTE NUEVO,APROBAR
810,29,110,3,3,396.87,0.559,Darby Ecles,RIESGO ALTO,REVISAR MANUAL
811,94,218,3,2,320.49,0.913,Una Kerss,BUEN HISTORIAL,RECHAZAR
812,65,150,2,1,404.39,0.047,Thayne Ownsworth,BUEN HISTORIAL,REVISAR MANUAL
813,86,234,2,1,767.88,0.698,Miquela Raynor,RIESGO ALTO,REVISAR MANUAL
814,83,110,1,3,664.5,0.195,Andrej Goldingay,RIESGO ALTO,REVISAR MANUAL
815,63,332,3,1,338.15,0.792,Caesar Jaffrey,CLIENTE NUEVO,REVISAR MANUAL
816,87,252,1,2,414.09,0.808,Randal Parsons,CLIENTE NUEVO,REVISAR MANUAL
817,94,109,3,2,574.04,0.875,Tedie Cearley,CLIENTE NUEVO,REVISAR MANUAL
818,12,321,2,4,713.26,0.045,Pauletta Poolman,RIESGO ALTO,APROBAR
819,94,456,2,4,774.18,0.996,Ludvig Schooley,RIESGO ALTO,APROBAR
820,50,324,3,4,812.42,0.984,Krishna Duckerin,CLIENTE NUEVO,REVISAR MANUAL
821,9,197,1,3,632.49,0.33,Garald Ferronier,RIESGO ALTO,APROBAR
822,56,113,2,2,542.98,0.136,Fanchon Richarz,RIESGO ALTO,APROBAR
823,29,154,2,3,528.13,0.245,Mack Brech,CLIENTE NUEVO,APROBAR
824,86,405,1,3,697.56,0.294,Stephi Whitlam,BUEN HISTORIAL,REVISAR MANUAL
825,57,55,2,4,656.85,0.303,Anatola Swalwell,CLIENTE NUEVO,APROBAR
826,10,424,1,1,492.96,0.564,Rodolph Calrow,CLIENTE NUEVO,APROBAR
827,66,418,1,2,461.8,0.722,Harper Romei,CLIENTE NUEVO,REVISAR MANUAL
828,89,71,3,4,776.45,0.936,Robby Rockwell,BUEN HISTORIAL,RECHAZAR
829,10,150,2,3,334.83,0.996,Vale Gallehock,BUEN HISTORIAL,RECHAZAR
830,56,27,1,3,344.99,0.278,William Gabbitus,BUEN HISTORIAL,RECHAZAR
831,4,248,1,1,489.81,0.63,Marilin Fallows,BUEN HISTORIAL,REVISAR MANUAL
832,16,205,3,4,701.59,0.71,Kylen Crose,CLIENTE NUEVO,REVISAR MANUAL
833,31,182,1,4,579.89,0.263,Ange Patey,CLIENTE NUEVO,REVISAR MANUAL
834,71,498,3,3,371.6,0.077,Loralyn Britton,BUEN HISTORIAL,RECHAZAR
835,46,303,2,3,848.68,0.088,Adele Caillou,BUEN HISTORIAL,REVISAR MANUAL
836,87,32,3,1,488.35,0.843,Freeland Blenkinsopp,RIESGO ALTO,RECHAZAR
837,45,165,1,3,590.84,0.249,Eugenio Kardos,RIESGO ALTO,REVISAR MANUAL
838,94,67,3,2,429.44,0.716,Constantine Gieraths,BUEN HISTORIAL,APROBAR
839,41,213,2,3,482.15,0.196,Olga Bastone,BUEN HISTORIAL,REVISAR MANUAL
840,31,336,2,2,732.48,0.198,Ajay Krolik,RIESGO ALTO,APROBAR
841,24,14,2,4,661.4,0.542,Clemente Gregoratti,RIESGO ALTO,REVISAR MANUAL
842,46,88,3,3,523.32,0.509,Brandyn Haselhurst,BUEN HISTORIAL,RECHAZAR
843,46,26,1,2,646.08,0.08,Carlita Judkins,CLIENTE NUEVO,RECHAZAR
844,60,63,1,2,558.74,0.243,Valina Metzing,BUEN HISTORIAL,APROBAR
845,6,84,1,1,580.3,0.118,Nadiya Busch,RIESGO ALTO,APROBAR
846,84,389,3,2,409.01,0.653,Mortimer Yon,BUEN HISTORIAL,RECHAZAR
847,81,41,2,3,618.03,0.802,Lucilia Tzar,CLIENTE NUEVO,APROBAR
848,40,481,2,1,390.63,0.837,Cam Kindell,RIESGO ALTO,APROBAR
849,35,443,3,3,350.85,0.75,Graehme McGhie,RIESGO ALTO,RECHAZAR
850,97,87,1,1,642.86,0.941,Danila Beek,RIESGO ALTO,REVISAR MANUAL
851,44,211,3,2,675.06,0.01,Bekki Penylton,RIESGO ALTO,REVISAR MANUAL
852,85,297,2,3,431.89,0.896,Conn Braganca,RIESGO ALTO,APROBAR
853,12,65,2,2,532.48,0.547,Cynthea Trusty,CLIENTE NUEVO,RECHAZAR
854,36,495,2,4,661.85,0.141,Malva Balmer,CLIENTE NUEVO,APROBAR
855,35,250,2,3,314.35,0.825,Fayette Parmiter,RIESGO ALTO,RECHAZAR
856,50,456,3,2,723.74,0.067,Amaleta Woodward,RIESGO ALTO,APROBAR
857,16,183,2,1,343.33,0.129,Laney Motton,CLIENTE NUEVO,REVISAR MANUAL
858,98,479,2,2,683.92,0.615,Findlay Truder,RIESGO ALTO,REVISAR MANUAL
859,83,163,2,1,730.06,0.768,Kara-lynn Wermerling,BUEN HISTORIAL,REVISAR MANUAL
860,40,138,3,4,529.83,0.092,Tara Coakley,RIESGO ALTO,APROBAR
861,93,68,3,3,832.11,0.124,Viv Prin,RIESGO ALTO,RECHAZAR
862,7,97,3,4,750.55,0.952,Godfree Lanahan,RIESGO ALTO,REVISAR MANUAL
863,38,408,2,3,576.4,0.678,Antonius Gisbye,CLIENTE NUEVO,REVISAR MANUAL
864,57,180,2,1,513.73,0.275,Marilee Falconbridge,BUEN HISTORIAL,REVISAR MANUAL
865,32,227,2,2,843.17,0.126,Tiphanie Eshmade,CLIENTE NUEVO,RECHAZAR
866,64,291,1,3,371.7,0.836,Dorolisa Kingscote,RIESGO ALTO,APROBAR
867,66,151,3,4,337.73,0.7,Hailey Kohrsen,CLIENTE NUEVO,APROBAR
868,16,61,1,2,444.6,0.338,Laurice Hechlin,BUEN HISTORIAL,RECHAZAR
869,35,103,3,3,370.16,0.831,Cathryn Rottgers,RIESGO ALTO,APROBAR
870,43,209,1,3,546.55,0.224,Rakel Faulconbridge,BUEN HISTORIAL,REVISAR MANUAL
871,18,194,2,2,713.9,0.879,Dagmar Youdell,RIESGO ALTO,RECHAZAR
872,16,415,3,1,316.09,0.664,Hadria De Carolis,RIESGO ALTO,APROBAR
873,23,191,3,2,356.18,0.721,Evita Thaw,CLIENTE NUEVO,RECHAZAR
874,79,42,3,1,424.85,0.578,Jaymie Wonfar,RIESGO ALTO,REVISAR MANUAL
875,6,121,3,1,849.78,0.82,Creigh Bufton,BUEN HISTORIAL,RECHAZAR
876,40,425,2,4,668.02,0.723,Kelila Gallimore,CLIENTE NUEVO,APROBAR
877,62,410,1,1,503.51,0.583,Harmon Knoller,CLIENTE NUEVO,REVISAR MANUAL
878,35,232,2,4,655.76,0.062,Tanitansy Boggas,BUEN HISTORIAL,RECHAZAR
879,43,387,3,3,333.35,0.965,Spike Dagg,BUEN HISTORIAL,REVISAR MANUAL
880,53,187,3,2,431.97,0.48,Jeri Follett,CLIENTE NUEVO,RECHAZAR
881,50,68,2,3,690.88,0.385,Corrianne O'Concannon,CLIENTE NUEVO,REVISAR MANUAL
882,9,266,1,4,309.28,0.805,Udall Waiton,BUEN HISTORIAL,REVISAR MANUAL
883,78,17,3,1,458.81,0.913,Maggee Biggs,BUEN HISTORIAL,RECHAZAR
884,40,240,1,1,620.13,0.812,Lorrin Moughton,RIESGO ALTO,RECHAZAR
885,5,387,3,3,474.28,0.047,Urban Dehmel,BUEN HISTORIAL,APROBAR
886,60,104,1,1,622.47,0.469,Lucine Goodson,RIESGO ALTO,APROBAR
887,92,153,2,4,365.4,0.823,Willy Batchelour,RIESGO ALTO,RECHAZAR
888,24,423,1,1,601.64,0.098,Morgana Pauletti,CLIENTE NUEVO,REVISAR MANUAL
889,17,154,2,2,561.05,0.512,Mari Plowman,CLIENTE NUEVO,APROBAR
890,11,342,1,2,611.27,0.834,Arnuad Kelleher,CLIENTE NUEVO,RECHAZAR
891,36,283,1,2,359.69,0.601,Ewan Andreotti,RIESGO ALTO,APROBAR
892,23,376,3,1,795.16,0.234,Fredric Illingsworth,RIESGO ALTO,RECHAZAR
893,36,190,2,2,787.04,0.533,Irvin Cosin,BUEN HISTORIAL,RECHAZAR
894,46,314,2,1,669.15,0.616,Lemmy Harston,CLIENTE NUEVO,REVISAR MANUAL
895,64,330,1,2,644.58,0.825,Hannie Hattam,BUEN HISTORIAL,REVISAR MANUAL
896,30,412,1,3,698.24,0.373,Adelaide Mawne,RIESGO ALTO,APROBAR
897,8,371,1,1,607.45,0.937,Rozella Mc Carrick,RIESGO ALTO,REVISAR MANUAL
898,64,157,3,2,535.61,0.118,Harriette Dietmar,CLIENTE NUEVO,RECHAZAR
899,94,418,3,4,525.07,0.189,Denys Sidebottom,BUEN HISTORIAL,APROBAR
900,92,53,2,4,737.75,0.964,Joanne Farrants,CLIENTE NUEVO,RECHAZAR
901,36,128,2,1,463.18,0.888,Jule Collins,BUEN HISTORIAL,APROBAR
902,32,315,1,2,339.1,0.622,Roman Urion,BUEN HISTORIAL,RECHAZAR
903,73,222,3,4,793.3,0.899,Edan Cobello,BUEN HISTORIAL,APROBAR
904,38,120,3,3,421.75,0.429,Dierdre Draysay,RIESGO ALTO,APROBAR
905,93,393,3,4,604.14,0.004,Lottie Tollady,BUEN HISTORIAL,REVISAR MANUAL
906,84,166,2,3,644.88,0.488,Ruggiero Bletso,CLIENTE NUEVO,REVISAR MANUAL
907,51,168,1,2,477.56,0.894,Evelin Undy,BUEN HISTORIAL,RECHAZAR
908,34,481,3,1,376.53,0.395,Chloe Taborre,BUEN HISTORIAL,APROBAR
909,63,318,1,2,321.63,0.296,Vidovic Lobe,RIESGO ALTO,RECHAZAR
910,54,110,1,3,447.43,0.074,Ethelind Shadfourth,RIESGO ALTO,REVISAR MANUAL
911,93,108,1,2,706.8,0.364,Quintina Burras,RIESGO ALTO,APROBAR
912,17,349,3,4,789.61,0.772,Anselma Shipsey,RIESGO ALTO,RECHAZAR
913,37,124,2,2,642.78,0.817,Carly Gawthorp,CLIENTE NUEVO,REVISAR MANUAL
914,54,152,1,2,424.84,0.583,Patrice Massel,BUEN HISTORIAL,APROBAR
915,100,350,3,2,390.71,0.704,Celene Tessyman,CLIENTE NUEVO,APROBAR
916,56,56,1,4,715.89,0.817,Clementia Janczyk,BUEN HISTORIAL,RECHAZAR
917,41,332,3,2,527.78,0.353,Fergus Kilgrew,RIESGO ALTO,RECHAZAR
918,17,269,2,4,585.19,0.303,Johna Click,RIESGO ALTO,RECHAZAR
919,53,416,2,2,333.29,0.802,Franzen Grane,RIESGO ALTO,APROBAR
920,23,429,1,1,816.71,0.609,Sandor Garnson,CLIENTE NUEVO,REVISAR MANUAL
921,77,160,1,2,438.23,0.045,Tani Jenks,CLIENTE NUEVO,APROBAR
922,10,50,1,3,600.68,0.407,Joshua Ciccottio,RIESGO ALTO,RECHAZAR
923,30,235,2,3,528.21,0.014,Harriot Sheaf,BUEN HISTORIAL,REVISAR MANUAL
924,83,132,3,3,384.52,0.391,Chere Belly,CLIENTE NUEVO,RECHAZAR
925,72,48,2,1,349.65,0.337,Kamillah Northcott,CLIENTE NUEVO,REVISAR MANUAL
926,64,383,1,1,421.86,0.847,Matilda Picopp,CLIENTE NUEVO,REVISAR MANUAL
927,49,475,1,4,734.87,0.094,Garrett Boome,BUEN HISTORIAL,REVISAR MANUAL
928,89,145,1,3,326.28,0.216,Stewart Caseborne,BUEN HISTORIAL,REVISAR MANUAL
929,29,127,3,2,450.91,0.181,Kanya Dalgarnocht,BUEN HISTORIAL,APROBAR
930,83,359,1,4,616.06,0.302,Tamara Gilvear,CLIENTE NUEVO,RECHAZAR
931,16,106,1,4,734.71,0.095,Friedrick McLorinan,BUEN HISTORIAL,REVISAR MANUAL
932,17,51,1,2,666.97,0.774,Deni Discombe,RIESGO ALTO,RECHAZAR
933,44,373,1,2,446.7,0.825,Melitta Marchelli,BUEN HISTORIAL,APROBAR
934,2,307,3,4,688.44,0.195,Augustina Blazi,BUEN HISTORIAL,APROBAR
935,32,129,2,1,527.69,0.445,Tomkin Edens,CLIENTE NUEVO,APROBAR
936,85,243,1,2,452.1,0.116,Bartholomeo Hyett,CLIENTE NUEVO,RECHAZAR
937,71,410,3,3,811.14,0.793,Guthry Spridgeon,BUEN HISTORIAL,REVISAR MANUAL
938,26,330,3,1,835.13,0.512,Shelbi Berthot,CLIENTE NUEVO,REVISAR MANUAL
939,5,417,2,4,561.22,0.663,Rahel Genn,BUEN HISTORIAL,APROBAR
940,35,170,2,2,647.81,0.714,Derick Sille,RIESGO ALTO,REVISAR MANUAL
941,81,112,2,2,397.93,0.671,Nola Gregory,CLIENTE NUEVO,REVISAR MANUAL
942,69,7,1,2,319.91,0.713,Trula Shoreson,RIESGO ALTO,RECHAZAR
943,20,328,2,4,333.72,0.599,Marijn Pickering,BUEN HISTORIAL,REVISAR MANUAL
944,65,84,1,1,439.12,0.078,Porter Antonovic,BUEN HISTORIAL,RECHAZAR
945,65,79,3,1,768.47,0.321,Christie MacVean,RIESGO ALTO,RECHAZAR
946,19,460,2,3,659.58,0.285,Annabell Kyme,CLIENTE NUEVO,REVISAR MANUAL
947,96,403,2,1,753.21,0.253,Teador Ramsden,BUEN HISTORIAL,APROBAR
948,52,245,1,4,740.87,0.804,Melisse Delong,CLIENTE NUEVO,RECHAZAR
949,1,60,2,2,483.27,0.78,Lorrayne Battlestone,RIESGO ALTO,APROBAR
950,25,249,3,4,471.22,0.586,Fitzgerald Naire,RIESGO ALTO,APROBAR
951,56,384,3,3,594.33,0.815,Alfons Gronw,BUEN HISTORIAL,REVISAR MANUAL
952,7,450,3,4,653.33,0.209,Helyn Croote,RIESGO ALTO,APROBAR
953,2,316,2,2,781.02,0.374,Elle Bracchi,CLIENTE NUEVO,APROBAR
954,25,267,1,4,747.06,0.594,Allen Vivers,BUEN HISTORIAL,APROBAR
955,37,140,3,3,303.37,0.651,Vanya Rooms,BUEN HISTORIAL,APROBAR
956,34,146,2,4,644.85,0.477,Prissie Clarycott,CLIENTE NUEVO,REVISAR MANUAL
957,45,440,1,4,355.87,0.734,Collette Stoney,CLIENTE NUEVO,RECHAZAR
958,96,49,2,1,698.42,0.385,Gigi Brunger,RIESGO ALTO,APROBAR
959,41,318,1,4,847.15,0.032,Stacey Lytell,BUEN HISTORIAL,RECHAZAR
960,2,325,3,4,475.13,0.548,Raviv Stent,BUEN HISTORIAL,APROBAR
961,77,221,2,2,360.61,0.885,Addi Boutell,CLIENTE NUEVO,APROBAR
962,79,391,1,1,306.35,0.482,Cosimo Highnam,BUEN HISTORIAL,APROBAR
963,12,126,1,4,817.58,0.276,Jonell Krugmann,RIESGO ALTO,RECHAZAR
964,41,43,3,2,770.3,0.891,Akim Heinl,RIESGO ALTO,REVISAR MANUAL
965,25,352,3,2,759.52,0.208,Korry Lamort,RIESGO ALTO,RECHAZAR
966,20,177,3,4,666.59,0.862,Mame Brechin,RIESGO ALTO,APROBAR
967,57,168,3,4,794.52,0.832,Darrel Langthorne,BUEN HISTORIAL,REVISAR MANUAL
968,100,338,2,4,740.58,0.262,Alexi Lortzing,BUEN HISTORIAL,RECHAZAR
969,13,391,3,1,378.19,0.702,Fidelia Skentelbery,BUEN HISTORIAL,REVISAR MANUAL
970,76,35,1,2,589.47,0.384,Alvie Prebble,CLIENTE NUEVO,REVISAR MANUAL
971,32,418,1,4,398.35,0.51,Kally Effemy,BUEN HISTORIAL,RECHAZAR
972,6,162,2,3,686.21,0.825,Serena Whitley,RIESGO ALTO,RECHAZAR
973,84,28,2,1,521.82,0.727,Sheelah Bigby,BUEN HISTORIAL,REVISAR MANUAL
974,56,23,1,1,382.2,0.012,Charmion Supple,BUEN HISTORIAL,RECHAZAR
975,1,201,1,1,605.48,0.368,Carena Yendle,BUEN HISTORIAL,REVISAR MANUAL
976,87,361,1,3,661.59,0.893,Frazier Luca,BUEN HISTORIAL,RECHAZAR
977,90,318,3,4,728.88,0.185,Carri Mournian,BUEN HISTORIAL,APROBAR
978,1,207,1,1,502.62,0.561,Teodoro Sertin,CLIENTE NUEVO,APROBAR
979,75,407,1,3,548.27,0.103,Wenonah Branchet,RIESGO ALTO,REVISAR MANUAL
980,66,239,1,4,338.86,0.17,Rawley Lodo,RIESGO ALTO,RECHAZAR
981,100,473,2,1,771.9,0.425,Patrizia Buzin,CLIENTE NUEVO,RECHAZAR
982,72,329,3,3,584.05,0.808,Thomasine Baudichon,RIESGO ALTO,REVISAR MANUAL
983,96,341,1,4,527.13,0.285,Mahala Bernlin,RIESGO ALTO,REVISAR MANUAL
984,19,83,3,1,472.17,0.658,Halsey Hallibone,CLIENTE NUEVO,APROBAR
985,34,474,3,1,450.71,0.413,Layney Willmetts,CLIENTE NUEVO,REVISAR MANUAL
986,44,452,3,1,383.77,0.933,Gus Haste,CLIENTE NUEVO,REVISAR MANUAL
987,75,217,1,2,734.89,0.281,Ann-marie Margeram,RIESGO ALTO,APROBAR
988,18,189,1,1,450.52,0.293,Reeba Heyburn,BUEN HISTORIAL,APROBAR
989,27,164,2,4,560.44,0.685,Herve Butten,CLIENTE NUEVO,RECHAZAR
990,42,358,2,2,423.73,0.625,Rancell Overshott,BUEN HISTORIAL,APROBAR
991,85,298,3,2,562.25,0.994,Jaimie Dench,RIESGO ALTO,REVISAR MANUAL
992,26,121,3,3,767.94,0.465,Hector Luard,BUEN HISTORIAL,RECHAZAR
993,9,323,3,1,419.9,0.15,Elsie Burnup,BUEN HISTORIAL,APROBAR
994,79,435,2,3,407.29,0.19,Dermot Ransfield,RIESGO ALTO,APROBAR
995,89,209,3,3,434.01,0.391,Theodosia Thorington,RIESGO ALTO,APROBAR
996,51,328,2,1,761.08,0.93,Stern Leyes,BUEN HISTORIAL,APROBAR
997,40,180,1,2,830.31,0.891,Bartram Fealey,CLIENTE NUEVO,APROBAR
998,55,65,1,1,359.52,0.248,Ariella Orneles,CLIENTE NUEVO,REVISAR MANUAL
999,37,294,3,3,824.87,0.209,Sisile Gaudin,BUEN HISTORIAL,REVISAR MANUAL
1000,71,329,1,1,453.48,0.066,Biddie Spare,BUEN HISTORIAL,REVISAR MANUAL
