fac_colocacion_skey,cod_col_cartera,tipo_prestamo,moneda,fecha_apertura,fecha_vencimiento,tasa_interes,estado_prestamo
1,1581400225,CONSUMO,QUE,3/1/2002,,0.011,COBRO ADMINISTRATIVO
2,0598835431,TARJETA,QUE,12/26/2002,1/30/2025,0.802,EN PRORROGA
3,5850483691,CONSUMO,QUE,9/25/2022,,0.22,ANULADO
4,3271923108,VEHICULAR,QUE,6/16/2004,,0.979,VIGENTE
5,5451028451,TARJETA,QUE,8/27/2012,,0.858,CANCELADO
6,4048460412,HIPOTECARIO,QUE,3/20/2004,,0.934,VIGENTE
7,0117965065,TARJETA,QUE,5/18/2001,,0.721,COBRO JUDICIAL
8,9721061689,TARJETA,QUE,10/11/2020,,0.615,VIGENTE
9,8989283507,CONSUMO,QUE,10/25/2018,,0.94,CANCELADO
10,9490273155,CONSUMO,QUE,8/28/2003,,0.087,VIGENTE
11,2753718091,TARJETA,QUE,6/2/2011,11/22/2024,0.047,CANCELADO
12,8385529829,TARJETA,QUE,9/13/2009,,0.655,CANCELADO
13,4999269074,CONSUMO,QUE,1/25/2020,,0.386,CANCELADO
14,3082509118,HIPOTECARIO,QUE,4/17/2005,,0.184,COBRO JUDICIAL
15,2850934887,COMERCIAL,QUE,1/8/2010,,0.667,ANULADO
16,7899206480,TARJETA,QUE,9/21/2019,,0.394,EN PRORROGA
17,3952911534,CONSUMO,QUE,8/2/2015,,0.257,EN PRORROGA
18,9888700944,TARJETA,QUE,1/28/2009,,0.864,VIGENTE
19,5511704067,TARJETA,QUE,8/15/2006,,0.948,EN PRORROGA
20,6708633310,TARJETA,QUE,4/14/2020,,0.219,EN PRORROGA
21,8037777634,VEHICULAR,QUE,7/17/2019,,0.651,ANULADO
22,0755397614,TARJETA,QUE,10/24/2021,,0.255,COBRO JUDICIAL
23,5441398345,TARJETA,QUE,3/16/2023,,0.304,CANCELADO
24,8099170466,TARJETA,QUE,3/11/2002,,0.4,ANULADO
25,4593474655,COMERCIAL,QUE,1/21/2015,,0.275,COBRO JUDICIAL
26,5262719333,HIPOTECARIO,QUE,3/23/2006,,0.421,CANCELADO
27,1904825346,HIPOTECARIO,QUE,11/28/2003,,0.592,CANCELADO
28,9218306545,TARJETA,QUE,10/24/2014,,0.586,EN PRORROGA
29,7384643058,COMERCIAL,QUE,5/13/2020,,0.233,COBRO JUDICIAL
30,9620360656,HIPOTECARIO,QUE,6/11/2012,,0.461,VIGENTE
31,8082979992,TARJETA,QUE,11/28/2015,,0.106,COBRO JUDICIAL
32,2298128766,CONSUMO,QUE,1/31/2008,,0.994,VIGENTE
33,4249383504,TARJETA,QUE,7/12/2015,,0.22,CANCELADO
34,4016646677,HIPOTECARIO,QUE,2/20/2012,,0.847,COBRO ADMINISTRATIVO
35,9372141526,COMERCIAL,QUE,11/23/2004,,0.931,COBRO ADMINISTRATIVO
36,9541923194,CONSUMO,QUE,11/6/2012,7/1/2025,0.19,COBRO JUDICIAL
37,9737356233,HIPOTECARIO,QUE,9/24/2003,,0.948,EN PRORROGA
38,5386127756,CONSUMO,QUE,9/15/2001,,0.879,EN PRORROGA
39,6764909407,CONSUMO,QUE,2/25/2001,,0.146,COBRO JUDICIAL
40,1525227610,TARJETA,QUE,1/29/2025,11/1/2024,0.585,EN PRORROGA
41,9959827275,VEHICULAR,QUE,1/5/2007,,0.42,EN PRORROGA
42,7990699532,COMERCIAL,QUE,5/6/2008,,0.957,EN PRORROGA
43,5738492625,TARJETA,QUE,3/31/2008,,0.006,EN PRORROGA
44,7393174006,VEHICULAR,QUE,11/8/2019,,0.155,COBRO JUDICIAL
45,6278660490,VEHICULAR,QUE,10/2/2015,,0.983,EN PRORROGA
46,0905258231,COMERCIAL,QUE,11/19/2018,,0.384,ANULADO
47,4965047761,CONSUMO,QUE,2/20/2014,7/27/2025,0.804,COBRO ADMINISTRATIVO
48,4822829766,CONSUMO,QUE,11/4/2002,,0.842,CANCELADO
49,8038030982,HIPOTECARIO,QUE,4/29/2016,,0.493,COBRO JUDICIAL
50,3645248560,TARJETA,QUE,10/28/2010,,0.959,EN PRORROGA
51,9185549134,CONSUMO,QUE,5/13/2009,,0.938,CANCELADO
52,9436268300,TARJETA,QUE,1/7/2017,,0.363,CANCELADO
53,7861640728,TARJETA,QUE,4/4/2009,11/18/2024,0.86,ANULADO
54,8424453972,HIPOTECARIO,QUE,7/8/2008,7/7/2025,0.218,ANULADO
55,5365770994,COMERCIAL,QUE,6/15/2012,,0.531,COBRO ADMINISTRATIVO
56,9697357234,VEHICULAR,QUE,6/18/2019,,0.849,COBRO ADMINISTRATIVO
57,9844729068,VEHICULAR,QUE,11/18/2001,,0.961,EN PRORROGA
58,1164429493,CONSUMO,QUE,9/1/2006,,0.529,COBRO ADMINISTRATIVO
59,8909568305,COMERCIAL,QUE,4/3/2010,,0.722,EN PRORROGA
60,2250333572,TARJETA,QUE,12/29/2015,,0.748,EN PRORROGA
61,2818350328,CONSUMO,QUE,12/20/2013,,0.632,CANCELADO
62,9462908532,VEHICULAR,QUE,2/9/2011,,0.069,EN PRORROGA
63,8455887591,TARJETA,QUE,3/29/2018,,0.833,ANULADO
64,1236810481,COMERCIAL,QUE,5/31/2025,,0.202,VIGENTE
65,9626821787,TARJETA,QUE,8/14/2002,,0.116,CANCELADO
66,2387166620,CONSUMO,QUE,1/23/2016,,0.816,EN PRORROGA
67,9097758661,VEHICULAR,QUE,5/22/2019,,0.042,EN PRORROGA
68,0534472591,TARJETA,QUE,4/16/2006,,0.798,COBRO ADMINISTRATIVO
69,3535517885,CONSUMO,QUE,1/20/2022,,0.425,CANCELADO
70,9150599577,CONSUMO,QUE,2/8/2008,,0.122,VIGENTE
71,5864242314,COMERCIAL,QUE,11/25/2016,,0.962,COBRO JUDICIAL
72,3792046261,TARJETA,QUE,6/2/2002,,0.019,COBRO JUDICIAL
73,2154997430,VEHICULAR,QUE,1/9/2006,,0.559,COBRO ADMINISTRATIVO
74,6851298708,CONSUMO,QUE,7/15/2023,,0.572,EN PRORROGA
75,5518612702,COMERCIAL,QUE,2/6/2009,,0.943,COBRO ADMINISTRATIVO
76,9236357059,HIPOTECARIO,QUE,2/15/2022,,0.431,VIGENTE
77,0476487420,CONSUMO,QUE,1/23/2015,,0.466,VIGENTE
78,8833545660,TARJETA,QUE,5/5/2010,,0.313,ANULADO
79,6514887538,CONSUMO,QUE,5/30/2005,6/4/2025,0.684,ANULADO
80,1415688869,CONSUMO,QUE,6/22/2023,,0.223,VIGENTE
81,4546203969,TARJETA,QUE,11/1/2006,,0.622,EN PRORROGA
82,8034326941,VEHICULAR,QUE,4/21/2021,,0.568,COBRO JUDICIAL
83,9770598526,HIPOTECARIO,QUE,2/9/2002,,0.364,COBRO JUDICIAL
84,2482038022,COMERCIAL,QUE,5/19/2017,,0.742,EN PRORROGA
85,6924889794,VEHICULAR,QUE,10/30/2021,,0.983,CANCELADO
86,1550324330,VEHICULAR,QUE,3/4/2001,,0.07,COBRO ADMINISTRATIVO
87,3755429233,HIPOTECARIO,QUE,4/25/2009,,0.225,COBRO ADMINISTRATIVO
88,6143421056,HIPOTECARIO,QUE,5/15/2023,,0.793,COBRO JUDICIAL
89,2532763949,COMERCIAL,QUE,8/26/2009,,0.724,VIGENTE
90,2996060946,CONSUMO,QUE,10/31/2014,,0.887,VIGENTE
91,3952643696,HIPOTECARIO,QUE,12/14/2004,,0.758,EN PRORROGA
92,1259782956,CONSUMO,QUE,11/12/2015,,0.159,COBRO JUDICIAL
93,1107047684,COMERCIAL,QUE,11/13/2014,4/5/2025,0.05,COBRO ADMINISTRATIVO
94,5254859393,CONSUMO,QUE,6/2/2010,,0.089,COBRO JUDICIAL
95,0432443339,VEHICULAR,QUE,7/5/2016,,0.234,EN PRORROGA
96,7175221223,HIPOTECARIO,QUE,4/28/2016,12/31/2024,0.437,ANULADO
97,4807482165,CONSUMO,QUE,6/4/2021,,0.76,VIGENTE
98,1289617627,VEHICULAR,QUE,8/23/2023,,0.384,CANCELADO
99,2005031259,HIPOTECARIO,QUE,12/11/2016,,0.169,COBRO JUDICIAL
100,5585828894,TARJETA,QUE,1/24/2025,,0.975,CANCELADO
101,4270195312,CONSUMO,QUE,10/1/2010,,0.363,VIGENTE
102,7029469623,HIPOTECARIO,QUE,8/30/2006,,0.615,CANCELADO
103,4002092275,HIPOTECARIO,QUE,2/21/2010,4/19/2025,0.454,COBRO JUDICIAL
104,0843429682,TARJETA,QUE,8/19/2024,,0.797,COBRO JUDICIAL
105,5675524967,HIPOTECARIO,QUE,9/15/2004,,0.451,VIGENTE
106,8098603474,HIPOTECARIO,QUE,10/1/2005,,0.281,EN PRORROGA
107,2928761497,HIPOTECARIO,QUE,10/27/2005,,0.532,ANULADO
108,2315482887,VEHICULAR,QUE,3/26/2005,,0.57,CANCELADO
109,3973312567,COMERCIAL,QUE,6/29/2025,8/11/2025,0.135,ANULADO
110,3507983656,TARJETA,QUE,7/30/2019,,0.812,EN PRORROGA
111,5914399343,VEHICULAR,QUE,5/27/2025,11/6/2024,0.956,COBRO JUDICIAL
112,5433947904,TARJETA,QUE,8/13/2007,,0.646,COBRO ADMINISTRATIVO
113,6218106276,COMERCIAL,QUE,11/30/2003,7/7/2025,0.197,VIGENTE
114,0971041687,VEHICULAR,QUE,5/1/2002,9/7/2025,0.889,EN PRORROGA
115,9651149361,COMERCIAL,QUE,1/21/2014,,0.674,EN PRORROGA
116,4235021230,HIPOTECARIO,QUE,5/1/2019,3/24/2025,0.029,COBRO JUDICIAL
117,3100583507,VEHICULAR,QUE,12/25/2024,,0.373,COBRO JUDICIAL
118,9692400492,COMERCIAL,QUE,9/7/2011,,0.989,ANULADO
119,3790747645,HIPOTECARIO,QUE,11/13/2008,,0.417,COBRO ADMINISTRATIVO
120,4419905085,VEHICULAR,QUE,11/9/2004,,0.811,COBRO JUDICIAL
121,8204818831,COMERCIAL,QUE,11/7/2016,,0.396,VIGENTE
122,2465317075,CONSUMO,QUE,3/10/2007,,0.482,COBRO JUDICIAL
123,8576535505,TARJETA,QUE,11/4/2021,,0.425,COBRO JUDICIAL
124,7886457412,COMERCIAL,QUE,8/27/2014,,0.335,COBRO ADMINISTRATIVO
125,8274658671,TARJETA,QUE,3/28/2004,,0.992,ANULADO
126,3164617569,CONSUMO,QUE,1/23/2012,,0.808,CANCELADO
127,8361524460,CONSUMO,QUE,8/17/2016,,0.1,COBRO ADMINISTRATIVO
128,3406961940,TARJETA,QUE,12/25/2002,,0.333,ANULADO
129,0878870962,VEHICULAR,QUE,2/23/2020,,0.24,VIGENTE
130,3528262389,HIPOTECARIO,QUE,4/30/2004,,0.39,VIGENTE
131,6643716748,VEHICULAR,QUE,9/26/2006,8/23/2025,0.085,ANULADO
132,1541737709,COMERCIAL,QUE,6/4/2001,,0.968,COBRO JUDICIAL
133,4629136606,CONSUMO,QUE,7/2/2003,,0.987,COBRO ADMINISTRATIVO
134,7070100825,CONSUMO,QUE,12/2/2001,,0.44,ANULADO
135,3107786217,VEHICULAR,QUE,10/17/2017,9/11/2025,0.01,EN PRORROGA
136,9767009175,TARJETA,QUE,2/21/2002,,0.156,CANCELADO
137,1176495755,COMERCIAL,QUE,7/5/2020,,0.12,VIGENTE
138,6425733047,HIPOTECARIO,QUE,2/7/2004,,0.302,COBRO JUDICIAL
139,2594004677,VEHICULAR,QUE,7/12/2001,,0.971,COBRO JUDICIAL
140,6642129083,VEHICULAR,QUE,11/5/2004,,0.192,CANCELADO
141,6588942567,TARJETA,QUE,4/10/2020,,0.705,COBRO ADMINISTRATIVO
142,2468991966,CONSUMO,QUE,7/25/2013,,0.284,VIGENTE
143,4802223331,VEHICULAR,QUE,6/5/2004,,0.435,COBRO JUDICIAL
144,9085372607,VEHICULAR,QUE,10/24/2019,,0.943,CANCELADO
145,5225033911,TARJETA,QUE,8/23/2010,,0.983,CANCELADO
146,1789561906,HIPOTECARIO,QUE,2/18/2012,7/31/2025,0.671,COBRO ADMINISTRATIVO
147,1838113460,COMERCIAL,QUE,4/24/2014,,0.061,COBRO JUDICIAL
148,2257702646,CONSUMO,QUE,7/24/2001,,0.949,ANULADO
149,8370200702,CONSUMO,QUE,4/28/2011,,0.47,CANCELADO
150,0148672590,COMERCIAL,QUE,11/28/2023,,0.381,COBRO ADMINISTRATIVO
151,4672617718,CONSUMO,QUE,8/27/2004,,0.798,COBRO ADMINISTRATIVO
152,3120657271,VEHICULAR,QUE,2/17/2020,,0.652,COBRO ADMINISTRATIVO
153,8097033038,VEHICULAR,QUE,5/7/2010,12/18/2024,0.187,VIGENTE
154,7942331393,CONSUMO,QUE,8/20/2024,11/5/2024,0.772,CANCELADO
155,6720893041,TARJETA,QUE,1/28/2016,,0.3,CANCELADO
156,9478073737,VEHICULAR,QUE,4/15/2020,,0.247,ANULADO
157,3261368438,VEHICULAR,QUE,11/14/2008,,0.796,ANULADO
158,0522749682,CONSUMO,QUE,9/6/2017,,0.062,EN PRORROGA
159,4451545323,TARJETA,QUE,12/19/2011,11/30/2024,0.028,CANCELADO
160,0438559487,TARJETA,QUE,9/30/2015,,0.989,EN PRORROGA
161,0273308564,HIPOTECARIO,QUE,6/13/2011,,0.794,EN PRORROGA
162,4796072225,VEHICULAR,QUE,6/28/2013,,0.662,VIGENTE
163,2872502777,COMERCIAL,QUE,3/23/2015,,0.093,ANULADO
164,5796602470,HIPOTECARIO,QUE,11/14/2000,,0.784,COBRO ADMINISTRATIVO
165,4806408158,VEHICULAR,QUE,3/21/2007,,1.0,EN PRORROGA
166,0878955488,COMERCIAL,QUE,5/4/2022,,0.37,COBRO ADMINISTRATIVO
167,9352253051,HIPOTECARIO,QUE,6/18/2021,,0.181,CANCELADO
168,6136403137,VEHICULAR,QUE,1/7/2016,,0.771,COBRO JUDICIAL
169,2200640021,CONSUMO,QUE,7/15/2015,6/27/2025,0.604,COBRO ADMINISTRATIVO
170,7811554054,COMERCIAL,QUE,6/16/2021,,0.972,VIGENTE
171,7939024396,HIPOTECARIO,QUE,6/26/2019,,0.511,COBRO JUDICIAL
172,7635263749,CONSUMO,QUE,1/30/2007,,0.311,COBRO JUDICIAL
173,1838629998,VEHICULAR,QUE,5/15/2009,,0.798,ANULADO
174,1192051343,HIPOTECARIO,QUE,8/27/2006,,0.532,COBRO ADMINISTRATIVO
175,5682509382,COMERCIAL,QUE,11/9/2011,,0.827,ANULADO
176,9471302552,VEHICULAR,QUE,2/2/2021,,0.166,VIGENTE
177,0654592578,COMERCIAL,QUE,11/27/2012,,0.521,CANCELADO
178,8623670647,COMERCIAL,QUE,12/5/2022,,0.127,ANULADO
179,1216597529,COMERCIAL,QUE,9/18/2014,,0.103,EN PRORROGA
180,2834596956,HIPOTECARIO,QUE,9/28/2021,,0.884,EN PRORROGA
181,1394371527,HIPOTECARIO,QUE,3/10/2006,,0.815,EN PRORROGA
182,9184179708,TARJETA,QUE,2/7/2024,,0.591,ANULADO
183,5785579936,HIPOTECARIO,QUE,3/25/2001,,0.523,ANULADO
184,4330490889,CONSUMO,QUE,6/26/2023,,0.811,CANCELADO
185,2576190413,VEHICULAR,QUE,5/26/2023,,0.546,COBRO ADMINISTRATIVO
186,1624236359,VEHICULAR,QUE,1/19/2003,,0.493,COBRO ADMINISTRATIVO
187,2960358864,HIPOTECARIO,QUE,10/19/2014,,0.319,EN PRORROGA
188,8539109158,CONSUMO,QUE,3/13/2025,,0.228,CANCELADO
189,0287557995,CONSUMO,QUE,11/29/2002,,0.863,COBRO JUDICIAL
190,8379180798,COMERCIAL,QUE,8/5/2020,,0.23,EN PRORROGA
191,7282217637,TARJETA,QUE,5/4/2020,,0.6,ANULADO
192,2190100240,VEHICULAR,QUE,4/30/2019,1/30/2025,0.995,VIGENTE
193,3060480338,COMERCIAL,QUE,6/24/2014,,0.743,ANULADO
194,3428534530,COMERCIAL,QUE,3/31/2019,,0.359,COBRO ADMINISTRATIVO
195,4998168339,TARJETA,QUE,4/3/2016,,0.421,CANCELADO
196,7591111108,COMERCIAL,QUE,1/15/2010,,0.251,COBRO ADMINISTRATIVO
197,7813520807,COMERCIAL,QUE,3/27/2003,,0.393,VIGENTE
198,4430510067,HIPOTECARIO,QUE,8/18/2017,,0.552,CANCELADO
199,5445306178,HIPOTECARIO,QUE,1/13/2018,,0.595,CANCELADO
200,0166252190,VEHICULAR,QUE,7/6/2004,,0.747,VIGENTE
201,6460810397,CONSUMO,QUE,10/1/2013,,0.12,COBRO JUDICIAL
202,0840115482,HIPOTECARIO,QUE,6/17/2016,,0.58,ANULADO
203,9262413785,VEHICULAR,QUE,5/13/2006,,0.092,CANCELADO
204,8998554674,CONSUMO,QUE,4/11/2025,,0.287,COBRO ADMINISTRATIVO
205,2048780180,TARJETA,QUE,4/16/2010,,0.974,EN PRORROGA
206,0312933711,COMERCIAL,QUE,7/13/2003,,0.879,COBRO JUDICIAL
207,5651666095,CONSUMO,QUE,9/29/2002,,0.715,VIGENTE
208,8010985554,HIPOTECARIO,QUE,5/16/2015,,0.926,EN PRORROGA
209,2389608213,VEHICULAR,QUE,4/26/2025,,0.023,COBRO ADMINISTRATIVO
210,4858827380,COMERCIAL,QUE,2/18/2020,,0.072,EN PRORROGA
211,5944528923,VEHICULAR,QUE,10/3/2007,,0.862,VIGENTE
212,3156888885,VEHICULAR,QUE,1/25/2013,,0.202,COBRO ADMINISTRATIVO
213,2405498103,HIPOTECARIO,QUE,6/15/2012,,0.762,ANULADO
214,8764255972,COMERCIAL,QUE,4/5/2001,,0.054,COBRO JUDICIAL
215,2176923022,TARJETA,QUE,6/9/2012,,0.505,CANCELADO
216,6874664662,COMERCIAL,QUE,10/13/2007,,0.937,COBRO JUDICIAL
217,5464406158,TARJETA,QUE,11/27/2016,,0.269,EN PRORROGA
218,3015390856,VEHICULAR,QUE,1/12/2015,,0.112,COBRO ADMINISTRATIVO
219,1192213084,TARJETA,QUE,12/26/2013,,0.374,COBRO JUDICIAL
220,2528669364,TARJETA,QUE,9/18/2010,,0.844,CANCELADO
221,3048062521,COMERCIAL,QUE,6/22/2010,,0.126,VIGENTE
222,3875664655,COMERCIAL,QUE,5/31/2002,,0.391,EN PRORROGA
223,9525426661,VEHICULAR,QUE,6/9/2022,,0.634,COBRO ADMINISTRATIVO
224,9964061781,TARJETA,QUE,11/7/2010,,0.486,VIGENTE
225,7701905332,HIPOTECARIO,QUE,2/12/2001,,0.806,COBRO JUDICIAL
226,5308236712,CONSUMO,QUE,3/18/2016,,0.616,COBRO JUDICIAL
227,8117587734,CONSUMO,QUE,10/24/2021,,0.542,ANULADO
228,0332354725,HIPOTECARIO,QUE,5/8/2022,,0.508,CANCELADO
229,4314816813,HIPOTECARIO,QUE,5/29/2003,,0.541,COBRO ADMINISTRATIVO
230,5999395003,HIPOTECARIO,QUE,6/27/2012,,0.086,COBRO JUDICIAL
231,9899029289,HIPOTECARIO,QUE,7/3/2015,7/30/2025,0.777,COBRO JUDICIAL
232,5924609235,VEHICULAR,QUE,5/23/2004,,0.195,EN PRORROGA
233,7523125522,TARJETA,QUE,6/30/2021,,0.194,COBRO JUDICIAL
234,8292404856,HIPOTECARIO,QUE,10/30/2001,,0.582,EN PRORROGA
235,9623169736,CONSUMO,QUE,5/21/2001,8/27/2025,0.805,CANCELADO
236,2182036857,VEHICULAR,QUE,2/28/2004,2/28/2025,0.568,CANCELADO
237,7813170792,VEHICULAR,QUE,9/22/2001,,0.126,COBRO ADMINISTRATIVO
238,6194802707,TARJETA,QUE,3/24/2021,,0.825,COBRO ADMINISTRATIVO
239,6200107084,HIPOTECARIO,QUE,10/24/2006,,0.925,COBRO JUDICIAL
240,1983259144,CONSUMO,QUE,12/31/2024,,0.114,EN PRORROGA
241,5257692538,CONSUMO,QUE,5/12/2022,,0.26,VIGENTE
242,1577874099,CONSUMO,QUE,12/31/2006,,0.759,CANCELADO
243,9557159464,TARJETA,QUE,11/2/2013,,0.592,ANULADO
244,6194937130,COMERCIAL,QUE,10/4/2016,,0.309,VIGENTE
245,2068026295,HIPOTECARIO,QUE,8/3/2021,,0.959,COBRO JUDICIAL
246,4626107850,HIPOTECARIO,QUE,4/18/2015,,0.691,COBRO JUDICIAL
247,2862825689,TARJETA,QUE,7/28/2020,,0.593,CANCELADO
248,6546607328,CONSUMO,QUE,1/23/2023,,0.127,COBRO ADMINISTRATIVO
249,9043304085,TARJETA,QUE,11/2/2009,,0.232,EN PRORROGA
250,6126315367,COMERCIAL,QUE,5/2/2012,,0.499,VIGENTE
251,4903988287,VEHICULAR,QUE,6/22/2006,,0.548,ANULADO
252,4653871701,VEHICULAR,QUE,5/9/2023,,0.708,COBRO ADMINISTRATIVO
253,5986830873,COMERCIAL,QUE,2/26/2001,,0.314,EN PRORROGA
254,0776045296,COMERCIAL,QUE,2/12/2002,6/14/2025,0.642,COBRO ADMINISTRATIVO
255,5128851389,CONSUMO,QUE,8/16/2004,,0.173,COBRO ADMINISTRATIVO
256,2552578497,HIPOTECARIO,QUE,12/13/2009,9/13/2025,0.429,CANCELADO
257,6982701638,COMERCIAL,QUE,5/5/2002,,0.955,VIGENTE
258,1724332767,TARJETA,QUE,5/22/2015,,0.833,COBRO ADMINISTRATIVO
259,9705634033,HIPOTECARIO,QUE,9/22/2011,,0.881,COBRO ADMINISTRATIVO
260,9402939091,COMERCIAL,QUE,9/10/2007,8/1/2025,0.211,EN PRORROGA
261,3322965252,HIPOTECARIO,QUE,12/27/2009,,0.27,ANULADO
262,4752770547,TARJETA,QUE,3/5/2001,,0.444,COBRO ADMINISTRATIVO
263,8120108434,CONSUMO,QUE,10/17/2005,,0.22,ANULADO
264,4165952133,COMERCIAL,QUE,1/18/2016,,0.424,ANULADO
265,1765099919,COMERCIAL,QUE,11/6/2014,,0.056,VIGENTE
266,3587538824,COMERCIAL,QUE,12/12/2011,,0.182,ANULADO
267,1298180996,COMERCIAL,QUE,4/15/2007,,0.608,ANULADO
268,0182029719,VEHICULAR,QUE,10/8/2000,,0.085,COBRO ADMINISTRATIVO
269,4235221361,COMERCIAL,QUE,4/11/2023,,0.674,EN PRORROGA
270,2556839619,CONSUMO,QUE,7/11/2011,,0.33,VIGENTE
271,5410536681,HIPOTECARIO,QUE,3/14/2001,8/7/2025,0.016,EN PRORROGA
272,0383678641,VEHICULAR,QUE,5/7/2024,9/7/2025,0.077,CANCELADO
273,8522654727,HIPOTECARIO,QUE,11/29/2018,7/1/2025,0.541,EN PRORROGA
274,2336086379,HIPOTECARIO,QUE,3/3/2006,,0.385,CANCELADO
275,4717818970,TARJETA,QUE,1/26/2010,,0.211,ANULADO
276,2713110181,COMERCIAL,QUE,10/17/2015,,0.881,CANCELADO
277,0752643681,VEHICULAR,QUE,2/26/2003,,0.102,COBRO ADMINISTRATIVO
278,7605203519,COMERCIAL,QUE,8/16/2001,,0.028,VIGENTE
279,3306632708,COMERCIAL,QUE,8/22/2014,,0.983,EN PRORROGA
280,5469452751,TARJETA,QUE,12/26/2021,,0.795,COBRO ADMINISTRATIVO
281,2380768668,HIPOTECARIO,QUE,9/25/2021,,0.657,COBRO JUDICIAL
282,5757342765,VEHICULAR,QUE,12/11/2020,,0.847,CANCELADO
283,2041689692,HIPOTECARIO,QUE,1/4/2010,,0.561,EN PRORROGA
284,1191540154,HIPOTECARIO,QUE,1/2/2016,,0.713,EN PRORROGA
285,3766580477,CONSUMO,QUE,3/1/2017,,0.508,EN PRORROGA
286,9670655129,HIPOTECARIO,QUE,2/26/2010,10/29/2024,0.009,VIGENTE
287,4075391205,CONSUMO,QUE,6/23/2019,7/11/2025,0.714,VIGENTE
288,3941963333,HIPOTECARIO,QUE,3/11/2015,,0.207,EN PRORROGA
289,6465268965,VEHICULAR,QUE,12/10/2015,,0.128,COBRO ADMINISTRATIVO
290,7530582879,VEHICULAR,QUE,4/5/2008,,0.472,VIGENTE
291,2589646674,COMERCIAL,QUE,3/10/2006,,0.538,EN PRORROGA
292,8709801251,CONSUMO,QUE,7/13/2008,,0.402,CANCELADO
293,6930410322,VEHICULAR,QUE,3/21/2022,,0.947,EN PRORROGA
294,0363455698,VEHICULAR,QUE,3/30/2024,,0.951,COBRO ADMINISTRATIVO
295,0520932137,HIPOTECARIO,QUE,11/18/2012,,0.052,EN PRORROGA
296,1263764487,VEHICULAR,QUE,5/1/2021,,0.423,CANCELADO
297,5288322376,COMERCIAL,QUE,1/15/2024,,0.067,COBRO ADMINISTRATIVO
298,3779839679,VEHICULAR,QUE,4/14/2025,,0.217,COBRO ADMINISTRATIVO
299,3451925656,VEHICULAR,QUE,12/7/2017,,0.179,ANULADO
300,9454155245,CONSUMO,QUE,1/30/2007,,0.055,COBRO JUDICIAL
301,7622313998,CONSUMO,QUE,9/26/2009,,0.531,CANCELADO
302,6877798864,TARJETA,QUE,12/16/2015,,0.598,ANULADO
303,2166313825,TARJETA,QUE,2/8/2013,,0.154,VIGENTE
304,6904752424,HIPOTECARIO,QUE,1/4/2009,,0.949,COBRO ADMINISTRATIVO
305,8395898762,COMERCIAL,QUE,8/23/2025,3/8/2025,0.654,EN PRORROGA
306,3640910532,VEHICULAR,QUE,10/21/2016,,0.674,VIGENTE
307,5362281089,COMERCIAL,QUE,12/6/2021,,0.926,COBRO JUDICIAL
308,8819670127,HIPOTECARIO,QUE,5/25/2003,,0.798,COBRO JUDICIAL
309,4251299051,VEHICULAR,QUE,8/21/2019,,0.912,COBRO JUDICIAL
310,6641511626,CONSUMO,QUE,6/27/2004,,0.094,COBRO JUDICIAL
311,3201005606,HIPOTECARIO,QUE,11/19/2022,4/10/2025,0.119,COBRO ADMINISTRATIVO
312,7126089694,HIPOTECARIO,QUE,4/6/2002,,0.537,CANCELADO
313,4349003118,HIPOTECARIO,QUE,5/13/2025,,0.498,CANCELADO
314,4437447077,CONSUMO,QUE,6/6/2017,,0.597,VIGENTE
315,1274834090,VEHICULAR,QUE,9/11/2018,,0.051,COBRO JUDICIAL
316,6114011236,VEHICULAR,QUE,2/24/2010,,0.664,ANULADO
317,5388342638,COMERCIAL,QUE,10/20/2022,,0.882,CANCELADO
318,7617689721,VEHICULAR,QUE,10/3/2023,,0.285,CANCELADO
319,4073291416,VEHICULAR,QUE,10/25/2000,,0.652,CANCELADO
320,7805416486,HIPOTECARIO,QUE,5/11/2001,,0.703,ANULADO
321,2614013862,COMERCIAL,QUE,6/30/2010,,0.817,EN PRORROGA
322,7506680300,TARJETA,QUE,9/20/2009,,0.204,ANULADO
323,3177881650,TARJETA,QUE,8/24/2009,,0.172,VIGENTE
324,8042369301,VEHICULAR,QUE,3/7/2010,7/24/2025,0.005,COBRO JUDICIAL
325,8278618496,CONSUMO,QUE,6/28/2009,,0.058,ANULADO
326,2108696091,COMERCIAL,QUE,4/14/2008,,0.18,ANULADO
327,5738304098,TARJETA,QUE,8/12/2019,1/26/2025,0.748,COBRO ADMINISTRATIVO
328,6041598135,CONSUMO,QUE,10/27/2005,,0.38,COBRO JUDICIAL
329,8746846549,CONSUMO,QUE,7/21/2004,3/13/2025,0.728,COBRO JUDICIAL
330,5263102178,COMERCIAL,QUE,1/3/2007,,0.338,ANULADO
331,7008690185,VEHICULAR,QUE,2/1/2008,,0.289,COBRO JUDICIAL
332,1041105398,HIPOTECARIO,QUE,10/21/2012,,0.044,ANULADO
333,0790926210,COMERCIAL,QUE,1/21/2013,,0.652,CANCELADO
334,9900005309,COMERCIAL,QUE,12/29/2014,,0.59,VIGENTE
335,5061646304,TARJETA,QUE,1/18/2008,,0.992,ANULADO
336,6709090787,COMERCIAL,QUE,11/21/2013,,0.159,VIGENTE
337,3111824306,TARJETA,QUE,3/24/2017,,0.864,ANULADO
338,9305622488,VEHICULAR,QUE,5/1/2018,,0.567,COBRO JUDICIAL
339,6096315895,HIPOTECARIO,QUE,9/11/2022,,0.442,COBRO JUDICIAL
340,3309143309,COMERCIAL,QUE,8/2/2023,,0.414,CANCELADO
341,3614105245,COMERCIAL,QUE,12/4/2005,,0.406,CANCELADO
342,9986207827,VEHICULAR,QUE,7/10/2004,,0.524,ANULADO
343,1673205623,COMERCIAL,QUE,11/21/2020,,0.586,COBRO JUDICIAL
344,3480374883,COMERCIAL,QUE,12/13/2012,,0.892,EN PRORROGA
345,8690316876,COMERCIAL,QUE,9/17/2005,,0.941,COBRO ADMINISTRATIVO
346,8137848274,VEHICULAR,QUE,9/17/2021,,0.963,COBRO JUDICIAL
347,2658436572,CONSUMO,QUE,6/27/2014,,0.835,EN PRORROGA
348,1381455077,HIPOTECARIO,QUE,5/13/2023,,0.685,CANCELADO
349,6830997208,COMERCIAL,QUE,4/27/2021,,0.182,VIGENTE
350,9480744678,HIPOTECARIO,QUE,10/31/2006,2/22/2025,0.561,EN PRORROGA
351,8420914150,HIPOTECARIO,QUE,1/17/2009,4/27/2025,0.885,VIGENTE
352,8613496954,COMERCIAL,QUE,4/21/2011,,0.932,VIGENTE
353,6783329046,HIPOTECARIO,QUE,9/12/2020,,0.419,COBRO JUDICIAL
354,3450139517,CONSUMO,QUE,8/28/2006,,0.218,VIGENTE
355,1724306006,CONSUMO,QUE,1/7/2021,,0.681,EN PRORROGA
356,6720140477,VEHICULAR,QUE,2/23/2018,,0.101,EN PRORROGA
357,5048223829,COMERCIAL,QUE,7/31/2015,,0.983,ANULADO
358,6364999174,CONSUMO,QUE,11/3/2001,,0.115,COBRO JUDICIAL
359,2622492669,TARJETA,QUE,5/29/2009,4/28/2025,0.494,ANULADO
360,3365020977,HIPOTECARIO,QUE,4/16/2014,,0.432,EN PRORROGA
361,4746001987,HIPOTECARIO,QUE,1/20/2025,,0.556,CANCELADO
362,8925638355,TARJETA,QUE,8/24/2012,,0.667,EN PRORROGA
363,9103614816,CONSUMO,QUE,4/20/2006,,0.532,CANCELADO
364,2060660440,HIPOTECARIO,QUE,3/7/2004,,0.651,COBRO JUDICIAL
365,5144458238,HIPOTECARIO,QUE,6/30/2014,,0.532,CANCELADO
366,5286435262,TARJETA,QUE,7/20/2015,,0.152,COBRO ADMINISTRATIVO
367,3699813487,TARJETA,QUE,4/11/2014,,0.484,CANCELADO
368,8606088684,CONSUMO,QUE,12/4/2019,,0.705,COBRO JUDICIAL
369,2301234150,COMERCIAL,QUE,2/9/2007,,0.624,VIGENTE
370,3342238666,TARJETA,QUE,10/14/2019,,0.795,CANCELADO
371,1522007210,COMERCIAL,QUE,4/24/2003,,0.384,VIGENTE
372,3103818602,HIPOTECARIO,QUE,4/16/2014,,0.248,EN PRORROGA
373,2715419236,VEHICULAR,QUE,6/18/2007,,0.233,COBRO ADMINISTRATIVO
374,8990064953,HIPOTECARIO,QUE,9/24/2007,,0.295,ANULADO
375,5786713253,VEHICULAR,QUE,9/4/2018,,0.811,COBRO JUDICIAL
376,8067534977,HIPOTECARIO,QUE,4/13/2010,,0.233,COBRO ADMINISTRATIVO
377,9179648290,COMERCIAL,QUE,5/9/2012,,0.763,VIGENTE
378,8642744251,TARJETA,QUE,3/23/2008,,0.939,CANCELADO
379,6992847104,HIPOTECARIO,QUE,1/25/2007,,0.243,COBRO JUDICIAL
380,7597594518,COMERCIAL,QUE,9/25/2011,,0.829,COBRO JUDICIAL
381,4895426580,VEHICULAR,QUE,1/11/2021,,0.305,EN PRORROGA
382,5966349819,VEHICULAR,QUE,2/8/2008,,0.663,VIGENTE
383,3149372852,VEHICULAR,QUE,7/29/2025,,0.686,VIGENTE
384,9644984382,CONSUMO,QUE,2/4/2019,,0.377,ANULADO
385,0009764550,HIPOTECARIO,QUE,7/23/2006,,0.882,ANULADO
386,0499840674,TARJETA,QUE,1/14/2024,,0.187,ANULADO
387,6255255077,VEHICULAR,QUE,6/2/2021,,0.097,ANULADO
388,9674770321,CONSUMO,QUE,10/4/2008,,0.385,EN PRORROGA
389,0497405180,VEHICULAR,QUE,7/4/2023,,0.976,ANULADO
390,8057795689,TARJETA,QUE,9/6/2004,,0.286,VIGENTE
391,0655916636,HIPOTECARIO,QUE,3/23/2024,,0.527,ANULADO
392,2462324127,CONSUMO,QUE,1/9/2002,,0.389,COBRO JUDICIAL
393,0800624769,CONSUMO,QUE,1/4/2007,,0.338,ANULADO
394,7584453600,VEHICULAR,QUE,12/13/2005,,0.835,CANCELADO
395,6751854161,COMERCIAL,QUE,4/21/2009,,0.226,VIGENTE
396,5517446183,CONSUMO,QUE,1/23/2015,,0.97,COBRO ADMINISTRATIVO
397,6780638218,VEHICULAR,QUE,8/8/2003,,0.604,CANCELADO
398,3556569914,COMERCIAL,QUE,5/6/2021,,0.35,ANULADO
399,1024985644,HIPOTECARIO,QUE,6/6/2012,,0.928,COBRO JUDICIAL
400,2778962689,COMERCIAL,QUE,7/7/2010,,0.259,ANULADO
401,4092135017,COMERCIAL,QUE,7/19/2023,,0.552,EN PRORROGA
402,6237037128,TARJETA,QUE,6/11/2023,,0.938,COBRO JUDICIAL
403,0883863065,COMERCIAL,QUE,8/20/2007,,0.469,VIGENTE
404,4902813157,HIPOTECARIO,QUE,6/20/2014,,0.117,VIGENTE
405,0849810353,CONSUMO,QUE,11/20/2021,,0.785,EN PRORROGA
406,1230335560,CONSUMO,QUE,10/28/2010,,0.989,ANULADO
407,5158281246,COMERCIAL,QUE,10/6/2021,,0.998,CANCELADO
408,3202684523,TARJETA,QUE,9/17/2015,4/13/2025,0.221,COBRO ADMINISTRATIVO
409,0904403297,HIPOTECARIO,QUE,12/25/2023,,0.534,EN PRORROGA
410,0475557646,CONSUMO,QUE,8/24/2002,,0.391,CANCELADO
411,7502752420,VEHICULAR,QUE,11/11/2024,,0.349,VIGENTE
412,5992646868,HIPOTECARIO,QUE,9/27/2013,,0.088,VIGENTE
413,2009170695,HIPOTECARIO,QUE,4/17/2013,,0.726,EN PRORROGA
414,7163882505,COMERCIAL,QUE,6/17/2003,,0.948,COBRO ADMINISTRATIVO
415,3184273385,TARJETA,QUE,8/3/2005,,0.408,VIGENTE
416,4174993564,VEHICULAR,QUE,6/14/2008,,0.007,VIGENTE
417,5672681255,VEHICULAR,QUE,8/20/2017,,0.28,CANCELADO
418,4225966011,CONSUMO,QUE,9/8/2011,1/9/2025,0.441,EN PRORROGA
419,1110572360,VEHICULAR,QUE,9/15/2013,,0.166,CANCELADO
420,8569936710,HIPOTECARIO,QUE,3/22/2016,,0.549,ANULADO
421,5116792323,COMERCIAL,QUE,10/12/2002,11/28/2024,0.13,VIGENTE
422,2850625426,CONSUMO,QUE,12/2/2010,,0.124,COBRO JUDICIAL
423,9832345308,TARJETA,QUE,5/21/2001,,0.756,COBRO ADMINISTRATIVO
424,1396475044,TARJETA,QUE,1/3/2010,4/2/2025,0.531,COBRO JUDICIAL
425,4620871516,VEHICULAR,QUE,5/4/2016,,0.821,COBRO JUDICIAL
426,9374831600,VEHICULAR,QUE,1/17/2016,,0.016,COBRO ADMINISTRATIVO
427,3489936205,TARJETA,QUE,11/24/2022,,0.46,VIGENTE
428,8959726702,VEHICULAR,QUE,7/18/2016,,0.21,ANULADO
429,4315624314,CONSUMO,QUE,1/1/2014,,0.272,COBRO JUDICIAL
430,9667600432,COMERCIAL,QUE,4/26/2013,,0.227,VIGENTE
431,7127741654,TARJETA,QUE,11/9/2010,,0.966,COBRO ADMINISTRATIVO
432,5431401750,HIPOTECARIO,QUE,4/16/2016,,0.375,COBRO ADMINISTRATIVO
433,9448604270,HIPOTECARIO,QUE,6/6/2006,,0.31,CANCELADO
434,9660566379,TARJETA,QUE,8/23/2009,,0.928,COBRO JUDICIAL
435,4362925937,TARJETA,QUE,7/17/2021,,0.045,VIGENTE
436,8000529882,CONSUMO,QUE,1/4/2020,,0.447,CANCELADO
437,9127815269,VEHICULAR,QUE,1/28/2009,,0.23,COBRO ADMINISTRATIVO
438,3207224970,TARJETA,QUE,2/12/2007,,0.081,ANULADO
439,5345069999,TARJETA,QUE,4/8/2005,1/17/2025,0.948,ANULADO
440,3647134805,HIPOTECARIO,QUE,1/3/2012,,0.357,VIGENTE
441,6544635480,CONSUMO,QUE,4/23/2005,,0.388,CANCELADO
442,2894057180,TARJETA,QUE,4/26/2010,6/8/2025,0.34,EN PRORROGA
443,7164902356,VEHICULAR,QUE,5/7/2023,,0.948,COBRO ADMINISTRATIVO
444,6344865237,HIPOTECARIO,QUE,7/15/2010,,0.848,COBRO ADMINISTRATIVO
445,7039078686,VEHICULAR,QUE,5/16/2007,,0.238,EN PRORROGA
446,3722305454,VEHICULAR,QUE,10/18/2019,,0.052,CANCELADO
447,3031895835,CONSUMO,QUE,4/13/2013,,0.794,EN PRORROGA
448,6979202987,VEHICULAR,QUE,5/13/2009,,0.918,VIGENTE
449,4882142198,HIPOTECARIO,QUE,8/19/2003,,0.473,CANCELADO
450,1648340172,VEHICULAR,QUE,9/18/2003,,0.945,ANULADO
451,4346063292,CONSUMO,QUE,10/19/2021,,0.522,COBRO ADMINISTRATIVO
452,4803303495,COMERCIAL,QUE,4/29/2004,,0.236,EN PRORROGA
453,7857284408,CONSUMO,QUE,7/13/2009,,0.903,COBRO JUDICIAL
454,8525057940,CONSUMO,QUE,11/23/2009,11/19/2024,0.837,ANULADO
455,9395283289,HIPOTECARIO,QUE,9/21/2007,,0.233,EN PRORROGA
456,4701986232,TARJETA,QUE,8/22/2002,,0.666,VIGENTE
457,5007275433,HIPOTECARIO,QUE,3/4/2004,12/21/2024,0.613,CANCELADO
458,6869825556,TARJETA,QUE,2/21/2021,5/28/2025,0.708,EN PRORROGA
459,7131962554,VEHICULAR,QUE,12/25/2018,,0.725,VIGENTE
460,5600513577,HIPOTECARIO,QUE,11/25/2023,,0.268,COBRO JUDICIAL
461,8290320604,COMERCIAL,QUE,3/7/2017,,0.243,EN PRORROGA
462,8299897777,COMERCIAL,QUE,8/22/2014,,0.482,CANCELADO
463,5541365058,TARJETA,QUE,8/7/2012,,0.32,CANCELADO
464,2195081805,VEHICULAR,QUE,1/23/2007,,0.171,VIGENTE
465,9141281519,CONSUMO,QUE,2/16/2009,,0.344,VIGENTE
466,2505970319,VEHICULAR,QUE,6/30/2011,,0.345,CANCELADO
467,3130130349,VEHICULAR,QUE,5/27/2003,,0.822,COBRO ADMINISTRATIVO
468,6241885553,CONSUMO,QUE,4/16/2014,,0.813,ANULADO
469,3098318074,CONSUMO,QUE,2/22/2017,,0.333,COBRO ADMINISTRATIVO
470,4327822957,VEHICULAR,QUE,4/19/2002,,0.191,CANCELADO
471,2316841414,TARJETA,QUE,8/28/2015,,0.692,ANULADO
472,1416186425,TARJETA,QUE,11/21/2000,,0.954,CANCELADO
473,2694072534,VEHICULAR,QUE,12/14/2005,,0.459,ANULADO
474,3030698823,HIPOTECARIO,QUE,5/27/2009,,0.543,VIGENTE
475,8156243846,COMERCIAL,QUE,10/10/2015,,0.36,EN PRORROGA
476,6045016173,COMERCIAL,QUE,7/8/2011,,0.546,COBRO ADMINISTRATIVO
477,6839178013,CONSUMO,QUE,7/30/2015,,0.083,COBRO ADMINISTRATIVO
478,4312121346,VEHICULAR,QUE,6/16/2015,,0.725,VIGENTE
479,2278652052,TARJETA,QUE,4/19/2018,,0.183,ANULADO
480,0316425559,TARJETA,QUE,1/11/2004,,0.127,COBRO ADMINISTRATIVO
481,3170100459,HIPOTECARIO,QUE,6/20/2023,,0.516,VIGENTE
482,8900111205,CONSUMO,QUE,9/12/2009,,0.111,ANULADO
483,5979570764,TARJETA,QUE,12/17/2006,,0.148,ANULADO
484,3496408960,HIPOTECARIO,QUE,3/27/2006,5/29/2025,0.141,ANULADO
485,7275917475,COMERCIAL,QUE,12/22/2003,,0.58,CANCELADO
486,7456683956,VEHICULAR,QUE,10/30/2008,,0.458,COBRO JUDICIAL
487,9963819451,CONSUMO,QUE,12/3/2021,,0.311,COBRO JUDICIAL
488,6337723309,COMERCIAL,QUE,8/27/2011,,0.783,EN PRORROGA
489,8174692045,COMERCIAL,QUE,8/11/2021,,0.604,CANCELADO
490,6420203279,HIPOTECARIO,QUE,10/13/2021,,0.711,COBRO ADMINISTRATIVO
491,5989063482,HIPOTECARIO,QUE,6/13/2004,,0.325,COBRO JUDICIAL
492,4877767401,HIPOTECARIO,QUE,8/20/2006,,0.834,COBRO ADMINISTRATIVO
493,4381257448,CONSUMO,QUE,4/9/2022,,0.118,COBRO ADMINISTRATIVO
494,9164920550,VEHICULAR,QUE,3/31/2007,9/18/2025,0.298,ANULADO
495,6655104092,CONSUMO,QUE,4/12/2013,,0.868,ANULADO
496,1464333645,COMERCIAL,QUE,4/4/2017,,0.638,ANULADO
497,6581760560,COMERCIAL,QUE,3/28/2019,,0.646,COBRO JUDICIAL
498,7121603810,TARJETA,QUE,8/10/2004,,0.526,VIGENTE
499,7046023549,VEHICULAR,QUE,5/21/2012,,0.437,EN PRORROGA
500,9538962400,COMERCIAL,QUE,9/9/2025,,0.602,COBRO JUDICIAL
501,8809905407,COMERCIAL,QUE,10/10/2010,,0.088,EN PRORROGA
502,0216627710,TARJETA,QUE,5/18/2025,,0.844,EN PRORROGA
503,3151377637,COMERCIAL,QUE,7/29/2020,,0.816,CANCELADO
504,5353364473,COMERCIAL,QUE,12/3/2020,,0.199,ANULADO
505,8550273023,VEHICULAR,QUE,4/15/2021,,0.459,COBRO JUDICIAL
506,5111667792,COMERCIAL,QUE,1/13/2024,,0.993,COBRO ADMINISTRATIVO
507,0176020993,TARJETA,QUE,4/15/2021,1/31/2025,0.913,COBRO JUDICIAL
508,2363265602,CONSUMO,QUE,10/17/2006,,0.512,EN PRORROGA
509,3670612726,TARJETA,QUE,1/1/2025,,0.158,ANULADO
510,5433515583,CONSUMO,QUE,12/27/2007,10/14/2024,0.23,COBRO ADMINISTRATIVO
511,5541887755,HIPOTECARIO,QUE,4/24/2008,5/3/2025,0.219,EN PRORROGA
512,6803405192,TARJETA,QUE,11/28/2017,,0.206,ANULADO
513,3259278524,HIPOTECARIO,QUE,12/30/2013,,0.192,ANULADO
514,4047069760,CONSUMO,QUE,1/12/2011,,0.792,VIGENTE
515,9648373930,HIPOTECARIO,QUE,6/9/2022,,0.083,COBRO JUDICIAL
516,6106090092,HIPOTECARIO,QUE,12/23/2013,,0.806,COBRO JUDICIAL
517,6171687626,COMERCIAL,QUE,8/6/2010,,0.923,VIGENTE
518,1240625588,HIPOTECARIO,QUE,6/27/2001,,0.261,VIGENTE
519,6079854546,CONSUMO,QUE,4/22/2025,,0.317,CANCELADO
520,0972009825,CONSUMO,QUE,8/5/2025,,0.62,CANCELADO
521,4647051048,HIPOTECARIO,QUE,7/17/2012,,0.414,ANULADO
522,7048317450,CONSUMO,QUE,6/1/2007,,0.006,ANULADO
523,9918583452,HIPOTECARIO,QUE,8/13/2011,,0.573,EN PRORROGA
524,9551939115,VEHICULAR,QUE,4/15/2017,,0.909,CANCELADO
525,6753471898,TARJETA,QUE,3/13/2023,,0.208,CANCELADO
526,9583782661,TARJETA,QUE,6/9/2009,,0.518,COBRO ADMINISTRATIVO
527,6565044953,VEHICULAR,QUE,5/23/2023,,0.929,COBRO JUDICIAL
528,9398330334,HIPOTECARIO,QUE,3/27/2004,,0.696,COBRO JUDICIAL
529,4107924491,HIPOTECARIO,QUE,3/9/2014,,0.891,CANCELADO
530,4413735439,TARJETA,QUE,3/11/2016,,0.186,COBRO JUDICIAL
531,3078916960,VEHICULAR,QUE,11/18/2008,,0.679,EN PRORROGA
532,4070035850,CONSUMO,QUE,5/11/2007,,0.074,VIGENTE
533,3568312867,CONSUMO,QUE,7/16/2019,,0.398,COBRO JUDICIAL
534,3142897674,TARJETA,QUE,2/11/2001,,0.61,EN PRORROGA
535,7124451000,CONSUMO,QUE,6/9/2019,,0.454,CANCELADO
536,7368054531,HIPOTECARIO,QUE,10/3/2013,,0.8,EN PRORROGA
537,2488828750,HIPOTECARIO,QUE,7/2/2020,,0.163,COBRO JUDICIAL
538,6006295458,COMERCIAL,QUE,8/8/2005,9/22/2025,0.128,COBRO ADMINISTRATIVO
539,5854589095,TARJETA,QUE,8/3/2008,,0.064,EN PRORROGA
540,7107433571,HIPOTECARIO,QUE,6/7/2015,,0.275,CANCELADO
541,3632318891,VEHICULAR,QUE,10/7/2016,,0.201,COBRO ADMINISTRATIVO
542,9677039571,TARJETA,QUE,9/1/2022,,0.127,COBRO JUDICIAL
543,6602290258,VEHICULAR,QUE,5/10/2008,,0.862,EN PRORROGA
544,5819541235,CONSUMO,QUE,12/8/2013,,0.158,VIGENTE
545,9494860934,CONSUMO,QUE,3/2/2003,,0.198,EN PRORROGA
546,3581013681,CONSUMO,QUE,11/5/2003,6/17/2025,0.774,COBRO JUDICIAL
547,2115326466,CONSUMO,QUE,5/30/2011,,0.643,COBRO JUDICIAL
548,8049330281,TARJETA,QUE,5/10/2003,,0.052,ANULADO
549,0598687424,COMERCIAL,QUE,1/13/2008,,0.073,ANULADO
550,0027701387,COMERCIAL,QUE,6/23/2003,,0.585,VIGENTE
551,8929589367,HIPOTECARIO,QUE,8/1/2017,,0.863,EN PRORROGA
552,6267972968,TARJETA,QUE,7/1/2009,,0.564,COBRO JUDICIAL
553,6809967311,TARJETA,QUE,8/20/2024,,0.287,EN PRORROGA
554,3166933611,TARJETA,QUE,5/1/2018,,0.672,COBRO JUDICIAL
555,7688818656,TARJETA,QUE,3/27/2001,,0.001,VIGENTE
556,9624025282,TARJETA,QUE,10/15/2003,,0.074,ANULADO
557,4280514313,TARJETA,QUE,6/24/2018,6/28/2025,0.183,COBRO JUDICIAL
558,3488005240,VEHICULAR,QUE,3/12/2011,,0.721,EN PRORROGA
559,6669980272,CONSUMO,QUE,7/19/2004,,0.075,COBRO JUDICIAL
560,5244593293,VEHICULAR,QUE,4/18/2021,,0.148,VIGENTE
561,6455509528,CONSUMO,QUE,2/3/2014,,0.379,COBRO ADMINISTRATIVO
562,4214716116,VEHICULAR,QUE,12/26/2023,,0.845,ANULADO
563,9421183819,CONSUMO,QUE,2/5/2019,,0.172,COBRO JUDICIAL
564,3794229983,TARJETA,QUE,2/26/2011,,0.006,ANULADO
565,2267790041,VEHICULAR,QUE,8/6/2018,,0.314,COBRO JUDICIAL
566,8257889393,TARJETA,QUE,4/4/2010,6/19/2025,0.966,VIGENTE
567,8774188437,VEHICULAR,QUE,8/10/2004,,0.955,EN PRORROGA
568,4759668632,TARJETA,QUE,11/28/2002,11/10/2024,0.813,VIGENTE
569,1080627189,COMERCIAL,QUE,1/17/2022,,0.767,CANCELADO
570,2319891889,HIPOTECARIO,QUE,9/28/2010,,0.254,EN PRORROGA
571,5846415547,HIPOTECARIO,QUE,11/23/2001,,0.901,VIGENTE
572,1362050407,TARJETA,QUE,1/24/2007,,0.967,COBRO ADMINISTRATIVO
573,6607899234,VEHICULAR,QUE,9/4/2021,,0.182,EN PRORROGA
574,5429232874,VEHICULAR,QUE,10/20/2019,,0.498,COBRO JUDICIAL
575,2365614590,HIPOTECARIO,QUE,1/25/2018,,0.981,COBRO ADMINISTRATIVO
576,7289376331,COMERCIAL,QUE,1/16/2019,,0.569,CANCELADO
577,5820509080,HIPOTECARIO,QUE,2/3/2006,,0.601,ANULADO
578,2225562644,VEHICULAR,QUE,8/25/2019,,0.587,ANULADO
579,5782346930,CONSUMO,QUE,11/18/2002,,0.212,CANCELADO
580,7328834714,CONSUMO,QUE,10/20/2005,,0.033,ANULADO
581,9579896844,TARJETA,QUE,9/17/2024,,0.84,EN PRORROGA
582,8959491861,TARJETA,QUE,8/28/2025,,0.686,EN PRORROGA
583,9351593541,CONSUMO,QUE,12/15/2016,,0.807,EN PRORROGA
584,9036537177,TARJETA,QUE,6/13/2023,,0.124,COBRO JUDICIAL
585,0000798711,HIPOTECARIO,QUE,12/13/2003,,0.357,COBRO JUDICIAL
586,7736538654,HIPOTECARIO,QUE,9/8/2021,,0.874,ANULADO
587,7640905486,TARJETA,QUE,2/11/2001,,0.014,ANULADO
588,3270581106,HIPOTECARIO,QUE,6/29/2001,,0.44,COBRO ADMINISTRATIVO
589,0714364371,COMERCIAL,QUE,1/23/2005,,0.008,CANCELADO
590,8823914930,CONSUMO,QUE,9/3/2015,,0.7,VIGENTE
591,3681388520,HIPOTECARIO,QUE,7/13/2003,,0.432,ANULADO
592,8037508331,HIPOTECARIO,QUE,10/25/2019,,0.188,COBRO ADMINISTRATIVO
593,4502847607,COMERCIAL,QUE,7/27/2007,,0.981,CANCELADO
594,0795460201,COMERCIAL,QUE,2/10/2004,,0.017,CANCELADO
595,2531667849,VEHICULAR,QUE,8/14/2001,,0.871,ANULADO
596,1009989618,VEHICULAR,QUE,11/9/2016,,0.43,COBRO ADMINISTRATIVO
597,0332039692,TARJETA,QUE,7/15/2017,,0.922,COBRO ADMINISTRATIVO
598,3278830369,CONSUMO,QUE,8/5/2003,,0.409,ANULADO
599,6266406411,CONSUMO,QUE,1/31/2011,,0.254,COBRO JUDICIAL
600,7280813054,CONSUMO,QUE,5/12/2003,,0.11,EN PRORROGA
601,3573923461,CONSUMO,QUE,8/10/2005,,0.939,COBRO JUDICIAL
602,4012958852,TARJETA,QUE,7/15/2019,7/14/2025,0.377,COBRO ADMINISTRATIVO
603,2279511126,VEHICULAR,QUE,8/16/2003,,0.84,ANULADO
604,5526887677,VEHICULAR,QUE,11/18/2007,3/16/2025,0.717,COBRO ADMINISTRATIVO
605,4544988284,VEHICULAR,QUE,12/6/2021,,0.302,VIGENTE
606,8053908772,HIPOTECARIO,QUE,9/15/2001,,0.406,ANULADO
607,1146262914,TARJETA,QUE,12/8/2017,,0.2,CANCELADO
608,6902655723,TARJETA,QUE,3/19/2011,,0.904,EN PRORROGA
609,6350650980,HIPOTECARIO,QUE,8/4/2007,,0.408,EN PRORROGA
610,7773632766,VEHICULAR,QUE,9/22/2014,6/3/2025,0.091,COBRO ADMINISTRATIVO
611,8656776398,COMERCIAL,QUE,7/3/2020,,0.688,EN PRORROGA
612,5146972206,HIPOTECARIO,QUE,11/21/2005,,0.587,ANULADO
613,8297474607,CONSUMO,QUE,12/24/2012,1/8/2025,0.415,COBRO JUDICIAL
614,9415738812,HIPOTECARIO,QUE,11/20/2008,,0.169,CANCELADO
615,1797099078,VEHICULAR,QUE,9/4/2017,,0.558,EN PRORROGA
616,7629064098,VEHICULAR,QUE,1/22/2007,,0.149,EN PRORROGA
617,9712813916,CONSUMO,QUE,11/13/2024,,0.954,CANCELADO
618,9466159089,VEHICULAR,QUE,5/5/2014,,0.543,EN PRORROGA
619,4523925852,VEHICULAR,QUE,9/29/2014,,0.801,ANULADO
620,4913739506,HIPOTECARIO,QUE,2/2/2023,,0.997,COBRO ADMINISTRATIVO
621,5236602025,COMERCIAL,QUE,7/9/2022,,0.338,COBRO ADMINISTRATIVO
622,5385531111,COMERCIAL,QUE,6/15/2009,,0.424,VIGENTE
623,2823889876,HIPOTECARIO,QUE,9/3/2001,6/24/2025,0.196,CANCELADO
624,8504205274,VEHICULAR,QUE,10/13/2020,10/21/2024,0.82,ANULADO
625,7483610654,CONSUMO,QUE,5/21/2003,,0.284,VIGENTE
626,2658637691,VEHICULAR,QUE,1/23/2014,2/14/2025,0.552,CANCELADO
627,2238580239,TARJETA,QUE,2/5/2012,,0.089,COBRO JUDICIAL
628,2541768435,CONSUMO,QUE,8/16/2008,,0.992,VIGENTE
629,3477405420,HIPOTECARIO,QUE,4/25/2003,,0.242,EN PRORROGA
630,2569160121,HIPOTECARIO,QUE,9/10/2010,,0.279,ANULADO
631,0317751190,CONSUMO,QUE,11/8/2011,,0.476,COBRO ADMINISTRATIVO
632,5486162618,HIPOTECARIO,QUE,1/30/2019,,0.946,EN PRORROGA
633,3606532059,VEHICULAR,QUE,5/19/2014,,0.548,CANCELADO
634,1646939336,VEHICULAR,QUE,5/4/2009,,0.75,VIGENTE
635,1649390890,COMERCIAL,QUE,9/6/2022,,0.574,ANULADO
636,0648648567,CONSUMO,QUE,6/21/2009,,0.484,VIGENTE
637,4784739122,VEHICULAR,QUE,5/29/2011,,0.733,EN PRORROGA
638,4598025425,TARJETA,QUE,8/26/2008,,0.253,VIGENTE
639,0945256965,COMERCIAL,QUE,11/2/2001,,0.147,COBRO JUDICIAL
640,5633720733,HIPOTECARIO,QUE,9/13/2017,,0.818,VIGENTE
641,6742360887,CONSUMO,QUE,3/31/2011,,0.124,VIGENTE
642,4832267523,CONSUMO,QUE,1/24/2009,,0.595,VIGENTE
643,5504032822,VEHICULAR,QUE,11/2/2022,,0.833,VIGENTE
644,0762706392,VEHICULAR,QUE,12/29/2010,,0.165,CANCELADO
645,8263367042,HIPOTECARIO,QUE,10/18/2024,,0.318,CANCELADO
646,0173074332,CONSUMO,QUE,10/24/2004,,0.112,ANULADO
647,7114079737,CONSUMO,QUE,11/20/2007,,0.122,ANULADO
648,9040337144,TARJETA,QUE,9/20/2024,,0.17,EN PRORROGA
649,9608420423,CONSUMO,QUE,9/18/2002,,0.826,EN PRORROGA
650,4348243611,CONSUMO,QUE,4/12/2022,,0.262,COBRO JUDICIAL
651,2804445569,VEHICULAR,QUE,11/16/2024,5/23/2025,0.531,VIGENTE
652,9813894962,VEHICULAR,QUE,7/4/2004,,0.556,VIGENTE
653,9976672918,CONSUMO,QUE,1/13/2003,1/2/2025,0.93,VIGENTE
654,1539802736,CONSUMO,QUE,2/21/2011,,0.351,CANCELADO
655,6319065249,VEHICULAR,QUE,9/15/2018,7/20/2025,0.323,ANULADO
656,5126155628,HIPOTECARIO,QUE,8/5/2001,,0.634,CANCELADO
657,1313204684,HIPOTECARIO,QUE,10/29/2016,,0.478,EN PRORROGA
658,1784757306,VEHICULAR,QUE,3/13/2007,,0.247,CANCELADO
659,9386273640,COMERCIAL,QUE,7/1/2015,2/21/2025,0.362,COBRO JUDICIAL
660,0762344830,HIPOTECARIO,QUE,4/13/2008,,0.638,EN PRORROGA
661,8905943659,HIPOTECARIO,QUE,3/16/2022,,0.275,COBRO JUDICIAL
662,3930117975,COMERCIAL,QUE,3/19/2006,,0.362,VIGENTE
663,6874008196,TARJETA,QUE,7/26/2011,,0.576,EN PRORROGA
664,8488808712,VEHICULAR,QUE,5/31/2010,,0.537,COBRO ADMINISTRATIVO
665,4941991036,CONSUMO,QUE,11/12/2001,,0.198,ANULADO
666,5507265224,TARJETA,QUE,4/21/2017,,0.157,ANULADO
667,5932942088,VEHICULAR,QUE,1/30/2017,5/29/2025,0.823,EN PRORROGA
668,5622154006,COMERCIAL,QUE,10/18/2013,,0.588,COBRO ADMINISTRATIVO
669,1550396544,HIPOTECARIO,QUE,2/5/2012,,0.176,EN PRORROGA
670,8561919477,COMERCIAL,QUE,4/21/2008,3/2/2025,0.996,COBRO JUDICIAL
671,8503679124,CONSUMO,QUE,6/4/2016,,0.239,COBRO JUDICIAL
672,1902634144,HIPOTECARIO,QUE,2/22/2014,,0.311,CANCELADO
673,0273125923,CONSUMO,QUE,5/1/2020,,0.072,COBRO ADMINISTRATIVO
674,5406616579,VEHICULAR,QUE,9/30/2023,,0.057,VIGENTE
675,2464849324,TARJETA,QUE,6/6/2020,,0.041,EN PRORROGA
676,4434996495,TARJETA,QUE,3/1/2017,,0.608,ANULADO
677,0112039979,VEHICULAR,QUE,10/31/2005,,0.099,EN PRORROGA
678,0634719629,COMERCIAL,QUE,4/25/2008,,0.688,ANULADO
679,5435541700,VEHICULAR,QUE,2/9/2009,,0.741,ANULADO
680,4743289246,VEHICULAR,QUE,7/15/2016,,0.766,EN PRORROGA
681,2953463984,COMERCIAL,QUE,6/18/2008,,0.809,COBRO ADMINISTRATIVO
682,3538252351,CONSUMO,QUE,7/7/2004,,0.769,VIGENTE
683,5675915141,VEHICULAR,QUE,2/11/2023,,0.697,VIGENTE
684,8477449791,VEHICULAR,QUE,10/13/2016,4/22/2025,0.093,CANCELADO
685,7324739474,CONSUMO,QUE,10/21/2023,,0.904,CANCELADO
686,0032098901,CONSUMO,QUE,8/20/2022,9/29/2024,0.805,COBRO ADMINISTRATIVO
687,7173281008,HIPOTECARIO,QUE,7/1/2015,,0.253,EN PRORROGA
688,5729019793,COMERCIAL,QUE,2/20/2005,,0.526,COBRO ADMINISTRATIVO
689,0358521750,HIPOTECARIO,QUE,5/25/2025,,0.545,EN PRORROGA
690,5325244116,TARJETA,QUE,9/24/2025,6/19/2025,0.849,CANCELADO
691,0935391878,HIPOTECARIO,QUE,9/1/2015,,0.142,ANULADO
692,9458432774,CONSUMO,QUE,3/14/2021,,0.667,ANULADO
693,2828313824,VEHICULAR,QUE,2/24/2019,,0.007,VIGENTE
694,1228427984,HIPOTECARIO,QUE,5/28/2008,,0.225,VIGENTE
695,6371407961,TARJETA,QUE,10/30/2012,,0.89,ANULADO
696,8001692159,HIPOTECARIO,QUE,4/21/2022,,0.872,CANCELADO
697,5938268214,HIPOTECARIO,QUE,10/15/2017,,0.39,ANULADO
698,2618857100,TARJETA,QUE,9/11/2010,,0.561,COBRO JUDICIAL
699,1321106785,HIPOTECARIO,QUE,5/30/2017,7/19/2025,0.916,EN PRORROGA
700,4395434495,VEHICULAR,QUE,2/2/2012,,0.805,ANULADO
701,1273796225,CONSUMO,QUE,7/14/2014,,0.17,VIGENTE
702,5657262050,TARJETA,QUE,10/25/2019,,0.583,CANCELADO
703,3796138411,CONSUMO,QUE,6/3/2003,,0.672,COBRO ADMINISTRATIVO
704,4253400051,TARJETA,QUE,4/7/2017,6/13/2025,0.356,COBRO ADMINISTRATIVO
705,5672745105,HIPOTECARIO,QUE,6/25/2003,,0.102,VIGENTE
706,6655563860,VEHICULAR,QUE,9/29/2006,2/5/2025,0.95,VIGENTE
707,5379172318,CONSUMO,QUE,6/8/2023,,0.468,COBRO JUDICIAL
708,2635681392,COMERCIAL,QUE,1/1/2024,,0.133,CANCELADO
709,2681683580,COMERCIAL,QUE,5/7/2010,,0.239,CANCELADO
710,0459048465,COMERCIAL,QUE,5/22/2021,,0.578,CANCELADO
711,3900591741,COMERCIAL,QUE,8/29/2014,,0.918,CANCELADO
712,0120794071,CONSUMO,QUE,3/26/2009,,0.837,CANCELADO
713,3548887031,CONSUMO,QUE,11/3/2013,,0.671,COBRO ADMINISTRATIVO
714,9969410431,VEHICULAR,QUE,3/21/2017,,0.366,COBRO JUDICIAL
715,1358804737,CONSUMO,QUE,9/16/2018,,0.607,CANCELADO
716,9314653420,VEHICULAR,QUE,1/13/2013,,0.504,EN PRORROGA
717,2935163362,TARJETA,QUE,11/27/2007,7/12/2025,0.118,COBRO ADMINISTRATIVO
718,1568768656,CONSUMO,QUE,4/25/2023,,0.879,COBRO ADMINISTRATIVO
719,9929053638,TARJETA,QUE,9/16/2014,,0.744,ANULADO
720,3876549019,HIPOTECARIO,QUE,9/25/2021,,0.343,ANULADO
721,7183628035,VEHICULAR,QUE,11/9/2001,,0.197,VIGENTE
722,7722508901,TARJETA,QUE,10/1/2002,6/9/2025,0.342,COBRO JUDICIAL
723,6400218351,TARJETA,QUE,7/18/2016,,0.612,VIGENTE
724,6321034568,CONSUMO,QUE,8/8/2020,,0.258,COBRO ADMINISTRATIVO
725,1577477456,VEHICULAR,QUE,2/26/2025,,0.966,CANCELADO
726,3475601222,VEHICULAR,QUE,7/4/2017,9/1/2025,0.889,COBRO ADMINISTRATIVO
727,2493329929,HIPOTECARIO,QUE,4/13/2024,,0.257,COBRO ADMINISTRATIVO
728,3261073594,CONSUMO,QUE,10/2/2013,,0.772,COBRO ADMINISTRATIVO
729,3901056874,TARJETA,QUE,7/11/2006,,0.291,CANCELADO
730,0011835575,TARJETA,QUE,9/1/2010,,0.746,COBRO ADMINISTRATIVO
731,9408522923,HIPOTECARIO,QUE,2/16/2004,10/23/2024,0.901,EN PRORROGA
732,7015319098,HIPOTECARIO,QUE,4/7/2020,,0.49,ANULADO
733,4151814051,VEHICULAR,QUE,8/11/2021,,0.525,COBRO ADMINISTRATIVO
734,9981504882,COMERCIAL,QUE,7/13/2012,3/3/2025,0.059,CANCELADO
735,0982148712,CONSUMO,QUE,6/5/2018,,0.603,COBRO ADMINISTRATIVO
736,9720613416,CONSUMO,QUE,3/30/2018,,0.089,CANCELADO
737,4505320073,COMERCIAL,QUE,9/30/2012,,0.801,COBRO ADMINISTRATIVO
738,0557291089,COMERCIAL,QUE,4/28/2023,12/14/2024,0.936,COBRO ADMINISTRATIVO
739,6863608030,HIPOTECARIO,QUE,9/25/2003,,0.681,ANULADO
740,1522473491,CONSUMO,QUE,7/9/2024,,0.435,COBRO ADMINISTRATIVO
741,0762160497,CONSUMO,QUE,1/22/2015,,0.904,VIGENTE
742,1798509962,COMERCIAL,QUE,4/30/2018,,0.692,VIGENTE
743,7815058477,CONSUMO,QUE,9/11/2009,,0.264,COBRO ADMINISTRATIVO
744,8137400958,HIPOTECARIO,QUE,6/5/2021,,0.114,EN PRORROGA
745,5746073156,HIPOTECARIO,QUE,5/20/2003,,0.635,COBRO ADMINISTRATIVO
746,3016301849,CONSUMO,QUE,9/14/2015,,0.473,ANULADO
747,3566144444,COMERCIAL,QUE,10/12/2023,12/5/2024,0.701,CANCELADO
748,2548594068,CONSUMO,QUE,8/29/2004,6/25/2025,0.989,EN PRORROGA
749,4409415662,CONSUMO,QUE,3/15/2010,,0.557,CANCELADO
750,7890364393,COMERCIAL,QUE,3/29/2001,,0.166,EN PRORROGA
751,2793630136,TARJETA,QUE,4/3/2017,,0.432,COBRO JUDICIAL
752,3733848497,COMERCIAL,QUE,7/1/2011,,0.255,ANULADO
753,6523932710,CONSUMO,QUE,8/15/2014,,0.116,COBRO JUDICIAL
754,0623700018,HIPOTECARIO,QUE,2/7/2023,,0.885,EN PRORROGA
755,1846910455,VEHICULAR,QUE,5/17/2002,,0.173,VIGENTE
756,3405849225,TARJETA,QUE,10/26/2016,,0.23,VIGENTE
757,1449303692,COMERCIAL,QUE,6/16/2012,,0.095,EN PRORROGA
758,9410057787,VEHICULAR,QUE,8/11/2012,4/6/2025,0.315,VIGENTE
759,6232308247,HIPOTECARIO,QUE,11/22/2013,,0.494,CANCELADO
760,6465134306,CONSUMO,QUE,9/4/2018,,0.246,COBRO JUDICIAL
761,3147128296,CONSUMO,QUE,4/18/2008,,0.866,CANCELADO
762,6299790253,HIPOTECARIO,QUE,11/25/2003,,0.037,COBRO ADMINISTRATIVO
763,2373920964,VEHICULAR,QUE,2/9/2003,,0.121,COBRO JUDICIAL
764,1501260685,HIPOTECARIO,QUE,4/27/2004,,0.243,COBRO ADMINISTRATIVO
765,6998652933,COMERCIAL,QUE,2/19/2008,,0.737,ANULADO
766,0554426773,COMERCIAL,QUE,8/18/2017,,0.806,EN PRORROGA
767,6481074894,TARJETA,QUE,12/3/2006,,0.005,CANCELADO
768,3093211964,HIPOTECARIO,QUE,7/14/2011,,0.998,EN PRORROGA
769,1643389645,COMERCIAL,QUE,2/18/2025,,0.519,EN PRORROGA
770,1949134377,CONSUMO,QUE,5/10/2008,,0.456,COBRO ADMINISTRATIVO
771,5234387607,CONSUMO,QUE,9/15/2009,,0.84,COBRO JUDICIAL
772,4871272745,HIPOTECARIO,QUE,11/26/2006,,0.55,VIGENTE
773,2484835485,VEHICULAR,QUE,10/11/2024,1/24/2025,0.404,EN PRORROGA
774,8055731993,COMERCIAL,QUE,6/4/2012,,0.336,VIGENTE
775,7898418875,COMERCIAL,QUE,10/24/2024,,0.937,VIGENTE
776,0652206980,VEHICULAR,QUE,1/18/2022,,0.648,VIGENTE
777,9942584447,TARJETA,QUE,8/1/2017,,0.606,ANULADO
778,5122709556,CONSUMO,QUE,11/6/2012,,0.696,CANCELADO
779,3200117222,CONSUMO,QUE,4/18/2013,,0.477,COBRO ADMINISTRATIVO
780,5596254444,VEHICULAR,QUE,9/5/2025,,0.601,ANULADO
781,3829115555,VEHICULAR,QUE,5/7/2017,,0.121,EN PRORROGA
782,2950182429,COMERCIAL,QUE,2/11/2025,,0.112,VIGENTE
783,8753863941,TARJETA,QUE,3/15/2024,,0.655,COBRO JUDICIAL
784,2821718462,COMERCIAL,QUE,9/1/2020,,0.228,VIGENTE
785,6046239125,HIPOTECARIO,QUE,3/17/2013,,0.354,COBRO ADMINISTRATIVO
786,6022744695,COMERCIAL,QUE,8/15/2005,,0.806,COBRO JUDICIAL
787,0926728423,COMERCIAL,QUE,1/18/2006,,0.517,COBRO JUDICIAL
788,5036931149,CONSUMO,QUE,10/20/2003,,0.968,COBRO JUDICIAL
789,9457655230,VEHICULAR,QUE,7/16/2008,5/12/2025,0.235,VIGENTE
790,7534011701,HIPOTECARIO,QUE,2/9/2010,,0.502,COBRO JUDICIAL
791,2594754536,COMERCIAL,QUE,8/7/2010,12/23/2024,0.534,CANCELADO
792,3414382318,VEHICULAR,QUE,2/21/2007,,0.404,CANCELADO
793,2460071612,HIPOTECARIO,QUE,9/2/2019,,0.075,EN PRORROGA
794,0513520112,TARJETA,QUE,9/11/2007,,0.168,COBRO ADMINISTRATIVO
795,5690509620,CONSUMO,QUE,6/25/2016,,0.656,COBRO ADMINISTRATIVO
796,4021848037,VEHICULAR,QUE,8/11/2008,,0.491,VIGENTE
797,4010547073,CONSUMO,QUE,7/6/2024,,0.685,VIGENTE
798,1508339074,CONSUMO,QUE,7/19/2006,,0.036,VIGENTE
799,9646728693,CONSUMO,QUE,4/21/2013,,0.822,ANULADO
800,4659129403,CONSUMO,QUE,3/27/2021,,0.91,COBRO ADMINISTRATIVO
801,2773986822,COMERCIAL,QUE,7/3/2014,,0.063,COBRO ADMINISTRATIVO
802,8288974996,COMERCIAL,QUE,11/23/2024,,0.114,COBRO ADMINISTRATIVO
803,2252959134,COMERCIAL,QUE,11/24/2012,,0.38,VIGENTE
804,4689523827,COMERCIAL,QUE,1/8/2001,,0.934,COBRO ADMINISTRATIVO
805,2235788491,VEHICULAR,QUE,5/22/2011,,0.976,VIGENTE
806,2833758596,HIPOTECARIO,QUE,11/15/2008,6/27/2025,0.892,EN PRORROGA
807,3038371688,CONSUMO,QUE,8/20/2011,12/3/2024,0.661,COBRO ADMINISTRATIVO
808,0278540317,TARJETA,QUE,3/28/2021,,0.309,VIGENTE
809,2178769152,COMERCIAL,QUE,8/24/2002,,0.286,VIGENTE
810,7799336145,CONSUMO,QUE,12/18/2018,,0.255,EN PRORROGA
811,7944109620,CONSUMO,QUE,4/19/2015,,0.035,CANCELADO
812,3520833611,HIPOTECARIO,QUE,1/17/2024,,0.781,VIGENTE
813,7251313219,HIPOTECARIO,QUE,3/27/2014,,0.903,EN PRORROGA
814,6709899276,VEHICULAR,QUE,8/22/2011,,0.745,CANCELADO
815,9257765075,VEHICULAR,QUE,10/20/2018,,0.813,EN PRORROGA
816,4574287950,COMERCIAL,QUE,7/25/2016,,0.176,VIGENTE
817,8944941033,VEHICULAR,QUE,1/29/2019,,0.898,COBRO JUDICIAL
818,8924206877,TARJETA,QUE,2/24/2018,,0.205,EN PRORROGA
819,0405678916,HIPOTECARIO,QUE,1/13/2019,,0.855,CANCELADO
820,8787772884,HIPOTECARIO,QUE,10/3/2008,,0.588,CANCELADO
821,8143423441,TARJETA,QUE,3/2/2016,,0.693,VIGENTE
822,0128993383,TARJETA,QUE,2/27/2021,,0.594,EN PRORROGA
823,9452884290,COMERCIAL,QUE,12/9/2022,,0.322,COBRO JUDICIAL
824,6552577788,HIPOTECARIO,QUE,7/14/2016,,0.333,ANULADO
825,8644690299,TARJETA,QUE,10/23/2015,,0.517,EN PRORROGA
826,2197665375,VEHICULAR,QUE,9/22/2020,,0.079,CANCELADO
827,0480994307,COMERCIAL,QUE,3/12/2016,,0.589,CANCELADO
828,0129918741,HIPOTECARIO,QUE,4/11/2017,,0.503,CANCELADO
829,9357946055,TARJETA,QUE,1/13/2015,,0.216,COBRO ADMINISTRATIVO
830,7255373208,VEHICULAR,QUE,3/7/2015,,0.35,VIGENTE
831,5935803909,VEHICULAR,QUE,11/17/2001,,0.949,ANULADO
832,0754990796,COMERCIAL,QUE,1/24/2014,,0.409,COBRO JUDICIAL
833,2882272553,TARJETA,QUE,4/16/2022,,0.184,COBRO ADMINISTRATIVO
834,5549077078,COMERCIAL,QUE,6/22/2019,,0.492,CANCELADO
835,5743952973,VEHICULAR,QUE,6/4/2025,2/24/2025,0.19,EN PRORROGA
836,2471743625,TARJETA,QUE,8/19/2024,,0.041,COBRO JUDICIAL
837,5040569351,VEHICULAR,QUE,11/22/2009,,0.041,CANCELADO
838,7876114636,COMERCIAL,QUE,3/31/2017,,0.86,COBRO ADMINISTRATIVO
839,2846891516,COMERCIAL,QUE,6/28/2003,,0.794,CANCELADO
840,7605221339,VEHICULAR,QUE,9/10/2012,,0.261,CANCELADO
841,8291509719,HIPOTECARIO,QUE,4/25/2018,,0.091,VIGENTE
842,5530541526,HIPOTECARIO,QUE,12/16/2020,,0.245,EN PRORROGA
843,6074543585,VEHICULAR,QUE,9/14/2024,,0.956,COBRO JUDICIAL
844,2938232101,TARJETA,QUE,9/4/2019,,0.396,VIGENTE
845,2995788245,CONSUMO,QUE,10/13/2019,,0.278,EN PRORROGA
846,3894896043,VEHICULAR,QUE,8/10/2005,,0.63,COBRO ADMINISTRATIVO
847,1377844110,COMERCIAL,QUE,8/24/2009,,0.514,EN PRORROGA
848,3062953616,TARJETA,QUE,4/11/2008,,0.695,ANULADO
849,5394947597,VEHICULAR,QUE,8/19/2001,,0.147,CANCELADO
850,3250084247,HIPOTECARIO,QUE,1/14/2023,,0.288,ANULADO
851,0563153547,COMERCIAL,QUE,5/3/2015,,0.657,ANULADO
852,1686472722,COMERCIAL,QUE,12/17/2007,,0.711,ANULADO
853,2225125708,HIPOTECARIO,QUE,3/5/2004,,0.526,COBRO ADMINISTRATIVO
854,8764890643,COMERCIAL,QUE,8/29/2014,,0.832,COBRO ADMINISTRATIVO
855,7588344121,TARJETA,QUE,11/17/2021,,0.684,CANCELADO
856,4820440179,VEHICULAR,QUE,8/8/2019,4/17/2025,0.276,ANULADO
857,3773665075,HIPOTECARIO,QUE,11/8/2022,,0.612,ANULADO
858,0593088204,HIPOTECARIO,QUE,8/5/2007,,0.262,VIGENTE
859,1526362465,TARJETA,QUE,5/14/2020,,0.313,ANULADO
860,5514990028,VEHICULAR,QUE,6/16/2014,,0.481,EN PRORROGA
861,5862429050,VEHICULAR,QUE,4/8/2013,,0.179,ANULADO
862,7100600707,HIPOTECARIO,QUE,8/10/2017,,0.503,COBRO ADMINISTRATIVO
863,1496075862,COMERCIAL,QUE,4/10/2013,,0.916,COBRO ADMINISTRATIVO
864,7375320993,HIPOTECARIO,QUE,2/15/2017,,0.443,COBRO JUDICIAL
865,6925470355,TARJETA,QUE,7/22/2014,,0.182,COBRO ADMINISTRATIVO
866,0796171513,TARJETA,QUE,4/20/2010,,0.847,ANULADO
867,9866749894,COMERCIAL,QUE,5/10/2020,,0.19,COBRO JUDICIAL
868,6060857159,HIPOTECARIO,QUE,2/3/2002,,0.162,COBRO ADMINISTRATIVO
869,8426505961,COMERCIAL,QUE,11/19/2005,,0.711,CANCELADO
870,1835172342,TARJETA,QUE,9/22/2010,,0.775,CANCELADO
871,9291875090,VEHICULAR,QUE,3/12/2014,,0.959,ANULADO
872,4909475397,TARJETA,QUE,9/11/2022,,0.963,CANCELADO
873,1122095406,CONSUMO,QUE,1/25/2013,,0.967,EN PRORROGA
874,6452442732,HIPOTECARIO,QUE,1/13/2009,,0.968,CANCELADO
875,2564386520,VEHICULAR,QUE,7/30/2022,,0.426,COBRO JUDICIAL
876,0453258735,COMERCIAL,QUE,6/14/2022,,0.339,COBRO JUDICIAL
877,4621577867,HIPOTECARIO,QUE,5/16/2015,,0.156,ANULADO
878,7663110080,VEHICULAR,QUE,3/28/2024,,0.827,CANCELADO
879,2337656888,VEHICULAR,QUE,11/26/2000,,0.375,EN PRORROGA
880,2059396751,HIPOTECARIO,QUE,10/9/2013,9/24/2025,0.249,EN PRORROGA
881,4604132712,VEHICULAR,QUE,2/9/2012,,0.883,EN PRORROGA
882,0736771077,COMERCIAL,QUE,4/11/2013,,0.684,CANCELADO
883,9146707611,CONSUMO,QUE,7/2/2006,,0.096,VIGENTE
884,3293426220,COMERCIAL,QUE,11/27/2003,,0.933,COBRO JUDICIAL
885,7800883426,COMERCIAL,QUE,11/30/2001,,0.096,EN PRORROGA
886,9611035411,CONSUMO,QUE,10/29/2016,,0.701,COBRO JUDICIAL
887,2396563637,VEHICULAR,QUE,2/13/2001,,0.402,COBRO ADMINISTRATIVO
888,6661450916,TARJETA,QUE,5/29/2024,,0.455,COBRO ADMINISTRATIVO
889,1993940731,COMERCIAL,QUE,2/19/2005,,0.091,COBRO JUDICIAL
890,8087950828,CONSUMO,QUE,9/11/2008,,0.702,COBRO JUDICIAL
891,6080675242,CONSUMO,QUE,8/30/2009,,0.857,VIGENTE
892,6345231851,COMERCIAL,QUE,10/29/2006,,0.226,EN PRORROGA
893,2376740509,VEHICULAR,QUE,9/16/2015,4/22/2025,0.75,ANULADO
894,3608116931,HIPOTECARIO,QUE,2/10/2011,,0.636,CANCELADO
895,5196125698,VEHICULAR,QUE,4/17/2012,2/13/2025,0.137,COBRO ADMINISTRATIVO
896,3775585397,COMERCIAL,QUE,9/19/2002,,0.702,COBRO JUDICIAL
897,7303379827,CONSUMO,QUE,11/20/2011,,0.2,COBRO JUDICIAL
898,4263335600,VEHICULAR,QUE,2/7/2022,,0.9,VIGENTE
899,0363559272,HIPOTECARIO,QUE,2/13/2018,,0.552,CANCELADO
900,6265189484,VEHICULAR,QUE,12/6/2007,,0.486,VIGENTE
901,6075011633,COMERCIAL,QUE,4/21/2009,,0.577,CANCELADO
902,4925676164,HIPOTECARIO,QUE,12/23/2005,,0.721,ANULADO
903,3016199475,TARJETA,QUE,3/25/2023,,0.206,COBRO ADMINISTRATIVO
904,4485173321,TARJETA,QUE,12/4/2009,,0.176,COBRO ADMINISTRATIVO
905,3955556867,CONSUMO,QUE,1/3/2007,,0.423,COBRO JUDICIAL
906,4119415473,COMERCIAL,QUE,6/10/2014,,0.652,EN PRORROGA
907,9319925224,HIPOTECARIO,QUE,6/22/2022,,0.498,COBRO ADMINISTRATIVO
908,9895153848,TARJETA,QUE,11/26/2005,1/10/2025,0.351,VIGENTE
909,8995662263,VEHICULAR,QUE,9/6/2013,,0.551,CANCELADO
910,6577253420,TARJETA,QUE,9/1/2008,,0.744,COBRO JUDICIAL
911,0146598482,TARJETA,QUE,9/17/2002,,0.208,CANCELADO
912,8047965476,COMERCIAL,QUE,7/5/2020,,0.215,EN PRORROGA
913,2012016669,VEHICULAR,QUE,6/26/2012,,0.289,EN PRORROGA
914,3134719576,CONSUMO,QUE,7/17/2017,,0.32,COBRO JUDICIAL
915,2242374265,TARJETA,QUE,2/24/2019,,0.455,EN PRORROGA
916,1190021846,TARJETA,QUE,10/25/2016,,0.824,COBRO JUDICIAL
917,5459689465,TARJETA,QUE,8/23/2014,,0.2,COBRO JUDICIAL
918,9886622318,TARJETA,QUE,4/6/2023,,0.245,ANULADO
919,2446023126,COMERCIAL,QUE,2/24/2020,,0.069,COBRO ADMINISTRATIVO
920,9115842037,CONSUMO,QUE,3/15/2019,,0.025,VIGENTE
921,6485232249,HIPOTECARIO,QUE,9/6/2019,,0.513,EN PRORROGA
922,4580725115,CONSUMO,QUE,1/25/2014,,0.568,CANCELADO
923,1626824916,TARJETA,QUE,6/10/2019,,0.262,VIGENTE
924,2738804683,HIPOTECARIO,QUE,8/22/2011,,0.094,COBRO JUDICIAL
925,1262846498,CONSUMO,QUE,1/9/2015,,0.582,EN PRORROGA
926,7365960973,CONSUMO,QUE,5/24/2001,,0.893,COBRO ADMINISTRATIVO
927,9190445015,HIPOTECARIO,QUE,2/24/2014,6/30/2025,0.495,COBRO JUDICIAL
928,8407453994,CONSUMO,QUE,5/20/2013,10/15/2024,0.581,COBRO ADMINISTRATIVO
929,3011097496,TARJETA,QUE,10/24/2011,,0.883,CANCELADO
930,9805862232,HIPOTECARIO,QUE,7/9/2002,,0.444,EN PRORROGA
931,8040919894,COMERCIAL,QUE,7/27/2012,,0.891,COBRO JUDICIAL
932,8836015220,COMERCIAL,QUE,7/31/2016,,0.322,VIGENTE
933,7355716085,HIPOTECARIO,QUE,8/31/2024,,0.091,COBRO ADMINISTRATIVO
934,0058035133,VEHICULAR,QUE,9/6/2019,,0.422,COBRO ADMINISTRATIVO
935,4450461711,HIPOTECARIO,QUE,8/16/2012,6/20/2025,0.257,COBRO JUDICIAL
936,4391124718,VEHICULAR,QUE,3/22/2009,,0.033,ANULADO
937,3430626676,HIPOTECARIO,QUE,8/23/2004,,0.416,CANCELADO
938,0297178431,COMERCIAL,QUE,12/18/2023,,0.229,EN PRORROGA
939,9774471377,VEHICULAR,QUE,10/8/2006,,0.49,CANCELADO
940,8579911184,CONSUMO,QUE,2/19/2014,,0.892,EN PRORROGA
941,9316115213,COMERCIAL,QUE,7/8/2008,,0.045,CANCELADO
942,6135584316,CONSUMO,QUE,9/24/2024,,0.224,CANCELADO
943,2786184606,TARJETA,QUE,9/21/2012,,0.53,VIGENTE
944,4747585176,COMERCIAL,QUE,6/17/2017,,0.206,COBRO JUDICIAL
945,0698217314,HIPOTECARIO,QUE,1/14/2010,,0.977,COBRO JUDICIAL
946,8121554705,HIPOTECARIO,QUE,7/29/2001,,0.827,EN PRORROGA
947,2449832033,TARJETA,QUE,12/20/2007,4/17/2025,0.216,COBRO JUDICIAL
948,6711889886,TARJETA,QUE,4/1/2014,,0.361,COBRO JUDICIAL
949,7242121450,COMERCIAL,QUE,1/8/2001,,0.548,VIGENTE
950,6561177924,TARJETA,QUE,8/12/2004,,0.627,CANCELADO
951,7869284521,HIPOTECARIO,QUE,2/19/2018,,0.085,CANCELADO
952,5558772271,HIPOTECARIO,QUE,10/3/2005,,0.143,COBRO ADMINISTRATIVO
953,5639627735,VEHICULAR,QUE,8/23/2007,,0.071,EN PRORROGA
954,0279452438,HIPOTECARIO,QUE,1/27/2023,,0.625,COBRO JUDICIAL
955,8727005550,TARJETA,QUE,4/28/2002,,0.128,COBRO JUDICIAL
956,7643173249,HIPOTECARIO,QUE,5/11/2005,,0.597,EN PRORROGA
957,9456451038,HIPOTECARIO,QUE,3/16/2009,,0.338,CANCELADO
958,9268215543,VEHICULAR,QUE,2/26/2014,,0.242,EN PRORROGA
959,1899871527,VEHICULAR,QUE,6/18/2022,,0.051,COBRO ADMINISTRATIVO
960,5028887063,HIPOTECARIO,QUE,11/1/2019,,0.502,ANULADO
961,3755924358,HIPOTECARIO,QUE,12/12/2003,,0.578,COBRO ADMINISTRATIVO
962,0890941351,CONSUMO,QUE,11/25/2023,2/26/2025,0.858,EN PRORROGA
963,8539236931,HIPOTECARIO,QUE,3/25/2021,,0.787,COBRO ADMINISTRATIVO
964,4041356806,COMERCIAL,QUE,3/18/2025,,0.068,EN PRORROGA
965,4426838983,TARJETA,QUE,2/18/2005,,0.992,ANULADO
966,3548126251,HIPOTECARIO,QUE,12/13/2000,,0.765,VIGENTE
967,8330708098,COMERCIAL,QUE,12/28/2020,,0.24,VIGENTE
968,4469333433,HIPOTECARIO,QUE,6/3/2008,8/28/2025,0.134,VIGENTE
969,6585119835,CONSUMO,QUE,6/3/2008,,1.0,ANULADO
970,0333703308,CONSUMO,QUE,9/14/2004,,0.981,ANULADO
971,3880857458,HIPOTECARIO,QUE,6/14/2002,,0.897,EN PRORROGA
972,0357392620,HIPOTECARIO,QUE,9/7/2020,,0.296,EN PRORROGA
973,6525713633,VEHICULAR,QUE,3/3/2018,,0.235,EN PRORROGA
974,3159031373,CONSUMO,QUE,12/19/2002,,0.389,COBRO JUDICIAL
975,8440233272,TARJETA,QUE,3/14/2006,10/23/2024,0.276,ANULADO
976,1249962048,COMERCIAL,QUE,1/12/2023,,0.845,VIGENTE
977,7635898574,VEHICULAR,QUE,7/14/2017,,0.96,COBRO JUDICIAL
978,8235491710,CONSUMO,QUE,5/15/2017,,0.555,COBRO JUDICIAL
979,4445463477,CONSUMO,QUE,3/27/2012,,0.728,CANCELADO
980,5469392422,HIPOTECARIO,QUE,3/16/2003,,0.501,EN PRORROGA
981,4906599052,CONSUMO,QUE,2/22/2017,,0.817,COBRO JUDICIAL
982,6753158901,VEHICULAR,QUE,3/24/2015,,0.854,COBRO ADMINISTRATIVO
983,2391350716,CONSUMO,QUE,3/25/2006,,0.718,CANCELADO
984,3312269539,HIPOTECARIO,QUE,1/24/2007,,0.955,ANULADO
985,8525952729,TARJETA,QUE,7/16/2021,,0.178,VIGENTE
986,0607744782,CONSUMO,QUE,7/13/2008,,0.851,CANCELADO
987,4917914256,COMERCIAL,QUE,3/27/2022,,0.033,VIGENTE
988,2689136309,TARJETA,QUE,12/7/2017,,0.911,CANCELADO
989,3860292005,TARJETA,QUE,2/25/2018,9/10/2025,0.033,COBRO JUDICIAL
990,1380967988,HIPOTECARIO,QUE,3/3/2022,12/5/2024,0.161,CANCELADO
991,6651051601,VEHICULAR,QUE,10/26/2002,,0.269,CANCELADO
992,0627650406,CONSUMO,QUE,11/24/2007,,0.663,COBRO ADMINISTRATIVO
993,1042566690,CONSUMO,QUE,4/27/2023,,0.993,COBRO ADMINISTRATIVO
994,5325056867,CONSUMO,QUE,12/22/2009,,0.687,COBRO ADMINISTRATIVO
995,1155132408,VEHICULAR,QUE,12/16/2013,7/4/2025,0.327,VIGENTE
996,6965519894,TARJETA,QUE,1/28/2010,,0.346,ANULADO
997,7060595325,CONSUMO,QUE,1/8/2002,,0.33,ANULADO
998,6287100362,HIPOTECARIO,QUE,1/17/2004,9/14/2025,0.716,VIGENTE
999,8891428671,HIPOTECARIO,QUE,8/23/2019,,0.555,ANULADO
1000,6865052323,HIPOTECARIO,QUE,8/5/2001,,0.755,EN PRORROGA
